match_id,date,season,batting_team,opponent,venue,over,ball,bowler,batter_runs,total_runs,is_wicket,dismissal_kind
1082611,2017-04-19,2017,Sunrisers Hyderabad,Delhi Daredevils,"Rajiv Gandhi International Stadium, Uppal",2,1,J Yadav,2,2,False,
1082611,2017-04-19,2017,Sunrisers Hyderabad,Delhi Daredevils,"Rajiv Gandhi International Stadium, Uppal",2,2,J Yadav,0,0,False,
1082611,2017-04-19,2017,Sunrisers Hyderabad,Delhi Daredevils,"Rajiv Gandhi International Stadium, Uppal",2,3,J Yadav,1,1,False,
1082611,2017-04-19,2017,Sunrisers Hyderabad,Delhi Daredevils,"Rajiv Gandhi International Stadium, Uppal",2,5,J Yadav,1,1,False,
1082611,2017-04-19,2017,Sunrisers Hyderabad,Delhi Daredevils,"Rajiv Gandhi International Stadium, Uppal",3,2,CH Morris,4,4,False,
1082611,2017-04-19,2017,Sunrisers Hyderabad,Delhi Daredevils,"Rajiv Gandhi International Stadium, Uppal",3,3,CH Morris,1,1,False,
1082611,2017-04-19,2017,Sunrisers Hyderabad,Delhi Daredevils,"Rajiv Gandhi International Stadium, Uppal",4,1,Z Khan,0,0,False,
1082611,2017-04-19,2017,Sunrisers Hyderabad,Delhi Daredevils,"Rajiv Gandhi International Stadium, Uppal",4,2,Z Khan,0,0,False,
1082611,2017-04-19,2017,Sunrisers Hyderabad,Delhi Daredevils,"Rajiv Gandhi International Stadium, Uppal",4,3,Z Khan,0,0,False,
1082611,2017-04-19,2017,Sunrisers Hyderabad,Delhi Daredevils,"Rajiv Gandhi International Stadium, Uppal",4,4,Z Khan,1,1,False,
1082611,2017-04-19,2017,Sunrisers Hyderabad,Delhi Daredevils,"Rajiv Gandhi International Stadium, Uppal",4,6,Z Khan,1,1,False,
1082611,2017-04-19,2017,Sunrisers Hyderabad,Delhi Daredevils,"Rajiv Gandhi International Stadium, Uppal",5,1,PJ Cummins,0,0,False,
1082611,2017-04-19,2017,Sunrisers Hyderabad,Delhi Daredevils,"Rajiv Gandhi International Stadium, Uppal",5,2,PJ Cummins,1,1,False,
1082611,2017-04-19,2017,Sunrisers Hyderabad,Delhi Daredevils,"Rajiv Gandhi International Stadium, Uppal",5,6,PJ Cummins,0,0,False,
1082611,2017-04-19,2017,Sunrisers Hyderabad,Delhi Daredevils,"Rajiv Gandhi International Stadium, Uppal",6,2,AD Mathews,0,1,False,
1082611,2017-04-19,2017,Sunrisers Hyderabad,Delhi Daredevils,"Rajiv Gandhi International Stadium, Uppal",6,3,AD Mathews,1,1,False,
1082611,2017-04-19,2017,Sunrisers Hyderabad,Delhi Daredevils,"Rajiv Gandhi International Stadium, Uppal",6,5,AD Mathews,0,0,False,
1082611,2017-04-19,2017,Sunrisers Hyderabad,Delhi Daredevils,"Rajiv Gandhi International Stadium, Uppal",6,6,AD Mathews,6,6,False,
1082611,2017-04-19,2017,Sunrisers Hyderabad,Delhi Daredevils,"Rajiv Gandhi International Stadium, Uppal",6,7,AD Mathews,6,6,False,
1082611,2017-04-19,2017,Sunrisers Hyderabad,Delhi Daredevils,"Rajiv Gandhi International Stadium, Uppal",7,2,PJ Cummins,2,2,False,
1082611,2017-04-19,2017,Sunrisers Hyderabad,Delhi Daredevils,"Rajiv Gandhi International Stadium, Uppal",7,3,PJ Cummins,1,1,False,
1082611,2017-04-19,2017,Sunrisers Hyderabad,Delhi Daredevils,"Rajiv Gandhi International Stadium, Uppal",7,6,PJ Cummins,0,0,False,
1082611,2017-04-19,2017,Sunrisers Hyderabad,Delhi Daredevils,"Rajiv Gandhi International Stadium, Uppal",8,2,Z Khan,1,1,False,
1082611,2017-04-19,2017,Sunrisers Hyderabad,Delhi Daredevils,"Rajiv Gandhi International Stadium, Uppal",8,4,Z Khan,1,1,False,
1082611,2017-04-19,2017,Sunrisers Hyderabad,Delhi Daredevils,"Rajiv Gandhi International Stadium, Uppal",8,6,Z Khan,4,4,False,
1082611,2017-04-19,2017,Sunrisers Hyderabad,Delhi Daredevils,"Rajiv Gandhi International Stadium, Uppal",9,2,A Mishra,2,2,False,
1082611,2017-04-19,2017,Sunrisers Hyderabad,Delhi Daredevils,"Rajiv Gandhi International Stadium, Uppal",9,3,A Mishra,1,1,False,
1082611,2017-04-19,2017,Sunrisers Hyderabad,Delhi Daredevils,"Rajiv Gandhi International Stadium, Uppal",10,2,PJ Cummins,1,1,False,
1082611,2017-04-19,2017,Sunrisers Hyderabad,Delhi Daredevils,"Rajiv Gandhi International Stadium, Uppal",10,4,PJ Cummins,6,6,False,
1082611,2017-04-19,2017,Sunrisers Hyderabad,Delhi Daredevils,"Rajiv Gandhi International Stadium, Uppal",10,5,PJ Cummins,0,0,False,
1082611,2017-04-19,2017,Sunrisers Hyderabad,Delhi Daredevils,"Rajiv Gandhi International Stadium, Uppal",10,6,PJ Cummins,2,2,False,
1082611,2017-04-19,2017,Sunrisers Hyderabad,Delhi Daredevils,"Rajiv Gandhi International Stadium, Uppal",11,2,A Mishra,1,1,False,
1082611,2017-04-19,2017,Sunrisers Hyderabad,Delhi Daredevils,"Rajiv Gandhi International Stadium, Uppal",11,4,A Mishra,1,1,False,
1082611,2017-04-19,2017,Sunrisers Hyderabad,Delhi Daredevils,"Rajiv Gandhi International Stadium, Uppal",11,6,A Mishra,2,2,False,
1082611,2017-04-19,2017,Sunrisers Hyderabad,Delhi Daredevils,"Rajiv Gandhi International Stadium, Uppal",12,2,PJ Cummins,1,1,False,
1082611,2017-04-19,2017,Sunrisers Hyderabad,Delhi Daredevils,"Rajiv Gandhi International Stadium, Uppal",12,4,PJ Cummins,4,4,False,
1082611,2017-04-19,2017,Sunrisers Hyderabad,Delhi Daredevils,"Rajiv Gandhi International Stadium, Uppal",12,5,PJ Cummins,0,1,False,
1082611,2017-04-19,2017,Sunrisers Hyderabad,Delhi Daredevils,"Rajiv Gandhi International Stadium, Uppal",12,6,PJ Cummins,2,2,False,
1082611,2017-04-19,2017,Sunrisers Hyderabad,Delhi Daredevils,"Rajiv Gandhi International Stadium, Uppal",12,7,PJ Cummins,0,0,False,
1082611,2017-04-19,2017,Sunrisers Hyderabad,Delhi Daredevils,"Rajiv Gandhi International Stadium, Uppal",13,3,A Mishra,6,6,False,
1082611,2017-04-19,2017,Sunrisers Hyderabad,Delhi Daredevils,"Rajiv Gandhi International Stadium, Uppal",13,4,A Mishra,2,2,False,
1082611,2017-04-19,2017,Sunrisers Hyderabad,Delhi Daredevils,"Rajiv Gandhi International Stadium, Uppal",13,5,A Mishra,6,6,False,
1082611,2017-04-19,2017,Sunrisers Hyderabad,Delhi Daredevils,"Rajiv Gandhi International Stadium, Uppal",13,6,A Mishra,0,0,False,
1082611,2017-04-19,2017,Sunrisers Hyderabad,Delhi Daredevils,"Rajiv Gandhi International Stadium, Uppal",14,2,Z Khan,4,4,False,
1082611,2017-04-19,2017,Sunrisers Hyderabad,Delhi Daredevils,"Rajiv Gandhi International Stadium, Uppal",14,3,Z Khan,1,1,False,
1082611,2017-04-19,2017,Sunrisers Hyderabad,Delhi Daredevils,"Rajiv Gandhi International Stadium, Uppal",14,6,Z Khan,1,1,False,
1082611,2017-04-19,2017,Sunrisers Hyderabad,Delhi Daredevils,"Rajiv Gandhi International Stadium, Uppal",15,1,AD Mathews,2,2,False,
1082611,2017-04-19,2017,Sunrisers Hyderabad,Delhi Daredevils,"Rajiv Gandhi International Stadium, Uppal",15,2,AD Mathews,4,4,False,
1082611,2017-04-19,2017,Sunrisers Hyderabad,Delhi Daredevils,"Rajiv Gandhi International Stadium, Uppal",15,3,AD Mathews,1,1,False,
1082611,2017-04-19,2017,Sunrisers Hyderabad,Delhi Daredevils,"Rajiv Gandhi International Stadium, Uppal",15,5,AD Mathews,4,4,False,
1082611,2017-04-19,2017,Sunrisers Hyderabad,Delhi Daredevils,"Rajiv Gandhi International Stadium, Uppal",15,6,AD Mathews,1,1,False,
1082611,2017-04-19,2017,Sunrisers Hyderabad,Delhi Daredevils,"Rajiv Gandhi International Stadium, Uppal",16,1,CH Morris,0,0,True,caught
1082615,2017-04-22,2017,Sunrisers Hyderabad,Rising Pune Supergiant,Maharashtra Cricket Association Stadium,8,5,Imran Tahir,0,0,False,
1082615,2017-04-22,2017,Sunrisers Hyderabad,Rising Pune Supergiant,Maharashtra Cricket Association Stadium,8,6,Imran Tahir,1,1,False,
1082615,2017-04-22,2017,Sunrisers Hyderabad,Rising Pune Supergiant,Maharashtra Cricket Association Stadium,9,1,DT Christian,0,0,False,
1082615,2017-04-22,2017,Sunrisers Hyderabad,Rising Pune Supergiant,Maharashtra Cricket Association Stadium,9,2,DT Christian,2,2,False,
1082615,2017-04-22,2017,Sunrisers Hyderabad,Rising Pune Supergiant,Maharashtra Cricket Association Stadium,9,3,DT Christian,2,2,False,
1082615,2017-04-22,2017,Sunrisers Hyderabad,Rising Pune Supergiant,Maharashtra Cricket Association Stadium,9,4,DT Christian,2,2,False,
1082615,2017-04-22,2017,Sunrisers Hyderabad,Rising Pune Supergiant,Maharashtra Cricket Association Stadium,9,5,DT Christian,1,1,False,
1082615,2017-04-22,2017,Sunrisers Hyderabad,Rising Pune Supergiant,Maharashtra Cricket Association Stadium,10,2,Imran Tahir,1,1,False,
1082615,2017-04-22,2017,Sunrisers Hyderabad,Rising Pune Supergiant,Maharashtra Cricket Association Stadium,10,4,Imran Tahir,1,1,False,
1082615,2017-04-22,2017,Sunrisers Hyderabad,Rising Pune Supergiant,Maharashtra Cricket Association Stadium,10,6,Imran Tahir,0,0,False,
1082615,2017-04-22,2017,Sunrisers Hyderabad,Rising Pune Supergiant,Maharashtra Cricket Association Stadium,11,3,BA Stokes,6,6,False,
1082615,2017-04-22,2017,Sunrisers Hyderabad,Rising Pune Supergiant,Maharashtra Cricket Association Stadium,11,4,BA Stokes,1,1,False,
1082615,2017-04-22,2017,Sunrisers Hyderabad,Rising Pune Supergiant,Maharashtra Cricket Association Stadium,11,6,BA Stokes,4,4,False,
1082615,2017-04-22,2017,Sunrisers Hyderabad,Rising Pune Supergiant,Maharashtra Cricket Association Stadium,12,3,DT Christian,0,0,True,lbw
1082623,2017-04-28,2017,Sunrisers Hyderabad,Kings XI Punjab,"Punjab Cricket Association IS Bindra Stadium, Mohali",10,2,AR Patel,1,1,False,
1082623,2017-04-28,2017,Sunrisers Hyderabad,Kings XI Punjab,"Punjab Cricket Association IS Bindra Stadium, Mohali",10,4,AR Patel,1,1,False,
1082623,2017-04-28,2017,Sunrisers Hyderabad,Kings XI Punjab,"Punjab Cricket Association IS Bindra Stadium, Mohali",10,6,AR Patel,1,1,False,
1082623,2017-04-28,2017,Sunrisers Hyderabad,Kings XI Punjab,"Punjab Cricket Association IS Bindra Stadium, Mohali",11,1,KC Cariappa,1,1,False,
1082623,2017-04-28,2017,Sunrisers Hyderabad,Kings XI Punjab,"Punjab Cricket Association IS Bindra Stadium, Mohali",11,3,KC Cariappa,1,1,False,
1082623,2017-04-28,2017,Sunrisers Hyderabad,Kings XI Punjab,"Punjab Cricket Association IS Bindra Stadium, Mohali",11,6,KC Cariappa,1,1,False,
1082623,2017-04-28,2017,Sunrisers Hyderabad,Kings XI Punjab,"Punjab Cricket Association IS Bindra Stadium, Mohali",12,2,AR Patel,0,0,False,
1082623,2017-04-28,2017,Sunrisers Hyderabad,Kings XI Punjab,"Punjab Cricket Association IS Bindra Stadium, Mohali",12,3,AR Patel,2,2,False,
1082623,2017-04-28,2017,Sunrisers Hyderabad,Kings XI Punjab,"Punjab Cricket Association IS Bindra Stadium, Mohali",12,4,AR Patel,1,1,False,
1082623,2017-04-28,2017,Sunrisers Hyderabad,Kings XI Punjab,"Punjab Cricket Association IS Bindra Stadium, Mohali",12,6,AR Patel,6,6,False,
1082623,2017-04-28,2017,Sunrisers Hyderabad,Kings XI Punjab,"Punjab Cricket Association IS Bindra Stadium, Mohali",13,4,KC Cariappa,1,1,False,
1082623,2017-04-28,2017,Sunrisers Hyderabad,Kings XI Punjab,"Punjab Cricket Association IS Bindra Stadium, Mohali",14,3,MM Sharma,4,4,False,
1082623,2017-04-28,2017,Sunrisers Hyderabad,Kings XI Punjab,"Punjab Cricket Association IS Bindra Stadium, Mohali",14,4,MM Sharma,2,2,False,
1082623,2017-04-28,2017,Sunrisers Hyderabad,Kings XI Punjab,"Punjab Cricket Association IS Bindra Stadium, Mohali",14,5,MM Sharma,1,1,False,
1082623,2017-04-28,2017,Sunrisers Hyderabad,Kings XI Punjab,"Punjab Cricket Association IS Bindra Stadium, Mohali",15,2,GJ Maxwell,1,1,False,
1082623,2017-04-28,2017,Sunrisers Hyderabad,Kings XI Punjab,"Punjab Cricket Association IS Bindra Stadium, Mohali",16,3,KC Cariappa,1,1,False,
1082623,2017-04-28,2017,Sunrisers Hyderabad,Kings XI Punjab,"Punjab Cricket Association IS Bindra Stadium, Mohali",17,2,GJ Maxwell,1,1,False,
1082623,2017-04-28,2017,Sunrisers Hyderabad,Kings XI Punjab,"Punjab Cricket Association IS Bindra Stadium, Mohali",17,4,GJ Maxwell,1,1,False,
1082623,2017-04-28,2017,Sunrisers Hyderabad,Kings XI Punjab,"Punjab Cricket Association IS Bindra Stadium, Mohali",18,1,I Sharma,2,2,False,
1082623,2017-04-28,2017,Sunrisers Hyderabad,Kings XI Punjab,"Punjab Cricket Association IS Bindra Stadium, Mohali",18,2,I Sharma,6,6,False,
1082623,2017-04-28,2017,Sunrisers Hyderabad,Kings XI Punjab,"Punjab Cricket Association IS Bindra Stadium, Mohali",18,3,I Sharma,4,4,False,
1082623,2017-04-28,2017,Sunrisers Hyderabad,Kings XI Punjab,"Punjab Cricket Association IS Bindra Stadium, Mohali",18,4,I Sharma,2,2,False,
1082623,2017-04-28,2017,Sunrisers Hyderabad,Kings XI Punjab,"Punjab Cricket Association IS Bindra Stadium, Mohali",18,5,I Sharma,2,2,False,
1082623,2017-04-28,2017,Sunrisers Hyderabad,Kings XI Punjab,"Punjab Cricket Association IS Bindra Stadium, Mohali",18,6,I Sharma,4,4,False,
1082623,2017-04-28,2017,Sunrisers Hyderabad,Kings XI Punjab,"Punjab Cricket Association IS Bindra Stadium, Mohali",19,2,MM Sharma,1,1,False,
1082623,2017-04-28,2017,Sunrisers Hyderabad,Kings XI Punjab,"Punjab Cricket Association IS Bindra Stadium, Mohali",19,5,MM Sharma,4,4,False,
1082623,2017-04-28,2017,Sunrisers Hyderabad,Kings XI Punjab,"Punjab Cricket Association IS Bindra Stadium, Mohali",19,6,MM Sharma,2,2,False,
1082627,2017-04-30,2017,Sunrisers Hyderabad,Kolkata Knight Riders,"Rajiv Gandhi International Stadium, Uppal",13,2,Kuldeep Yadav,0,0,False,
1082627,2017-04-30,2017,Sunrisers Hyderabad,Kolkata Knight Riders,"Rajiv Gandhi International Stadium, Uppal",13,3,Kuldeep Yadav,1,1,False,
1082627,2017-04-30,2017,Sunrisers Hyderabad,Kolkata Knight Riders,"Rajiv Gandhi International Stadium, Uppal",13,6,Kuldeep Yadav,1,1,False,
1082627,2017-04-30,2017,Sunrisers Hyderabad,Kolkata Knight Riders,"Rajiv Gandhi International Stadium, Uppal",14,1,UT Yadav,0,0,False,
1082627,2017-04-30,2017,Sunrisers Hyderabad,Kolkata Knight Riders,"Rajiv Gandhi International Stadium, Uppal",14,2,UT Yadav,0,1,False,
1082627,2017-04-30,2017,Sunrisers Hyderabad,Kolkata Knight Riders,"Rajiv Gandhi International Stadium, Uppal",14,4,UT Yadav,4,4,False,
1082627,2017-04-30,2017,Sunrisers Hyderabad,Kolkata Knight Riders,"Rajiv Gandhi International Stadium, Uppal",14,5,UT Yadav,2,2,False,
1082627,2017-04-30,2017,Sunrisers Hyderabad,Kolkata Knight Riders,"Rajiv Gandhi International Stadium, Uppal",14,6,UT Yadav,0,0,False,
1082627,2017-04-30,2017,Sunrisers Hyderabad,Kolkata Knight Riders,"Rajiv Gandhi International Stadium, Uppal",15,5,SP Narine,1,1,False,
1082627,2017-04-30,2017,Sunrisers Hyderabad,Kolkata Knight Riders,"Rajiv Gandhi International Stadium, Uppal",16,3,CR Woakes,1,1,False,
1082627,2017-04-30,2017,Sunrisers Hyderabad,Kolkata Knight Riders,"Rajiv Gandhi International Stadium, Uppal",16,5,CR Woakes,2,2,False,
1082627,2017-04-30,2017,Sunrisers Hyderabad,Kolkata Knight Riders,"Rajiv Gandhi International Stadium, Uppal",16,6,CR Woakes,0,0,False,
1082627,2017-04-30,2017,Sunrisers Hyderabad,Kolkata Knight Riders,"Rajiv Gandhi International Stadium, Uppal",17,2,NM Coulter-Nile,1,1,False,
1082627,2017-04-30,2017,Sunrisers Hyderabad,Kolkata Knight Riders,"Rajiv Gandhi International Stadium, Uppal",17,4,NM Coulter-Nile,2,2,False,
1082627,2017-04-30,2017,Sunrisers Hyderabad,Kolkata Knight Riders,"Rajiv Gandhi International Stadium, Uppal",17,5,NM Coulter-Nile,4,4,False,
1082627,2017-04-30,2017,Sunrisers Hyderabad,Kolkata Knight Riders,"Rajiv Gandhi International Stadium, Uppal",17,6,NM Coulter-Nile,2,2,False,
1082627,2017-04-30,2017,Sunrisers Hyderabad,Kolkata Knight Riders,"Rajiv Gandhi International Stadium, Uppal",18,3,CR Woakes,0,0,False,
1082627,2017-04-30,2017,Sunrisers Hyderabad,Kolkata Knight Riders,"Rajiv Gandhi International Stadium, Uppal",18,4,CR Woakes,4,4,False,
1082627,2017-04-30,2017,Sunrisers Hyderabad,Kolkata Knight Riders,"Rajiv Gandhi International Stadium, Uppal",18,5,CR Woakes,2,2,False,
1082627,2017-04-30,2017,Sunrisers Hyderabad,Kolkata Knight Riders,"Rajiv Gandhi International Stadium, Uppal",18,6,CR Woakes,4,4,False,
1082627,2017-04-30,2017,Sunrisers Hyderabad,Kolkata Knight Riders,"Rajiv Gandhi International Stadium, Uppal",18,7,CR Woakes,4,4,False,
1082627,2017-04-30,2017,Sunrisers Hyderabad,Kolkata Knight Riders,"Rajiv Gandhi International Stadium, Uppal",19,2,NM Coulter-Nile,2,2,False,
1082627,2017-04-30,2017,Sunrisers Hyderabad,Kolkata Knight Riders,"Rajiv Gandhi International Stadium, Uppal",19,3,NM Coulter-Nile,2,2,False,
1082627,2017-04-30,2017,Sunrisers Hyderabad,Kolkata Knight Riders,"Rajiv Gandhi International Stadium, Uppal",19,4,NM Coulter-Nile,0,0,False,
1082627,2017-04-30,2017,Sunrisers Hyderabad,Kolkata Knight Riders,"Rajiv Gandhi International Stadium, Uppal",19,5,NM Coulter-Nile,1,1,False,
1082630,2017-05-02,2017,Sunrisers Hyderabad,Delhi Daredevils,Feroz Shah Kotla,5,3,Mohammed Shami,0,4,False,
1082630,2017-05-02,2017,Sunrisers Hyderabad,Delhi Daredevils,Feroz Shah Kotla,5,4,Mohammed Shami,5,5,False,
1082630,2017-05-02,2017,Sunrisers Hyderabad,Delhi Daredevils,Feroz Shah Kotla,6,1,CH Morris,0,0,False,
1082630,2017-05-02,2017,Sunrisers Hyderabad,Delhi Daredevils,Feroz Shah Kotla,6,2,CH Morris,0,0,False,
1082630,2017-05-02,2017,Sunrisers Hyderabad,Delhi Daredevils,Feroz Shah Kotla,6,3,CH Morris,0,0,False,
1082630,2017-05-02,2017,Sunrisers Hyderabad,Delhi Daredevils,Feroz Shah Kotla,6,4,CH Morris,0,0,False,
1082630,2017-05-02,2017,Sunrisers Hyderabad,Delhi Daredevils,Feroz Shah Kotla,6,5,CH Morris,1,1,False,
1082630,2017-05-02,2017,Sunrisers Hyderabad,Delhi Daredevils,Feroz Shah Kotla,7,1,J Yadav,1,1,False,
1082630,2017-05-02,2017,Sunrisers Hyderabad,Delhi Daredevils,Feroz Shah Kotla,7,3,J Yadav,0,0,False,
1082630,2017-05-02,2017,Sunrisers Hyderabad,Delhi Daredevils,Feroz Shah Kotla,7,4,J Yadav,0,0,False,
1082630,2017-05-02,2017,Sunrisers Hyderabad,Delhi Daredevils,Feroz Shah Kotla,7,5,J Yadav,6,6,False,
1082630,2017-05-02,2017,Sunrisers Hyderabad,Delhi Daredevils,Feroz Shah Kotla,7,6,J Yadav,0,0,False,
1082630,2017-05-02,2017,Sunrisers Hyderabad,Delhi Daredevils,Feroz Shah Kotla,8,3,A Mishra,1,1,False,
1082630,2017-05-02,2017,Sunrisers Hyderabad,Delhi Daredevils,Feroz Shah Kotla,8,5,A Mishra,1,1,False,
1082630,2017-05-02,2017,Sunrisers Hyderabad,Delhi Daredevils,Feroz Shah Kotla,9,1,J Yadav,0,1,False,
1082630,2017-05-02,2017,Sunrisers Hyderabad,Delhi Daredevils,Feroz Shah Kotla,9,4,J Yadav,1,1,False,
1082630,2017-05-02,2017,Sunrisers Hyderabad,Delhi Daredevils,Feroz Shah Kotla,9,6,J Yadav,1,1,False,
1082630,2017-05-02,2017,Sunrisers Hyderabad,Delhi Daredevils,Feroz Shah Kotla,10,1,A Mishra,0,0,False,
1082630,2017-05-02,2017,Sunrisers Hyderabad,Delhi Daredevils,Feroz Shah Kotla,10,2,A Mishra,1,1,False,
1082630,2017-05-02,2017,Sunrisers Hyderabad,Delhi Daredevils,Feroz Shah Kotla,10,4,A Mishra,4,4,False,
1082630,2017-05-02,2017,Sunrisers Hyderabad,Delhi Daredevils,Feroz Shah Kotla,10,5,A Mishra,1,1,False,
1082630,2017-05-02,2017,Sunrisers Hyderabad,Delhi Daredevils,Feroz Shah Kotla,11,1,Mohammed Shami,0,0,False,
1082630,2017-05-02,2017,Sunrisers Hyderabad,Delhi Daredevils,Feroz Shah Kotla,11,2,Mohammed Shami,1,1,False,
1082630,2017-05-02,2017,Sunrisers Hyderabad,Delhi Daredevils,Feroz Shah Kotla,11,4,Mohammed Shami,0,0,True,caught
1082634,2017-05-06,2017,Sunrisers Hyderabad,Rising Pune Supergiant,"Rajiv Gandhi International Stadium, Uppal",4,2,BA Stokes,4,4,False,
1082634,2017-05-06,2017,Sunrisers Hyderabad,Rising Pune Supergiant,"Rajiv Gandhi International Stadium, Uppal",4,3,BA Stokes,0,0,True,caught
1082648,2017-05-17,2017,Sunrisers Hyderabad,Kolkata Knight Riders,M Chinnaswamy Stadium,4,4,UT Yadav,0,0,False,
1082648,2017-05-17,2017,Sunrisers Hyderabad,Kolkata Knight Riders,M Chinnaswamy Stadium,4,5,UT Yadav,0,0,False,
1082648,2017-05-17,2017,Sunrisers Hyderabad,Kolkata Knight Riders,M Chinnaswamy Stadium,4,6,UT Yadav,1,1,False,
1082648,2017-05-17,2017,Sunrisers Hyderabad,Kolkata Knight Riders,M Chinnaswamy Stadium,5,1,SP Narine,0,0,False,
1082648,2017-05-17,2017,Sunrisers Hyderabad,Kolkata Knight Riders,M Chinnaswamy Stadium,5,2,SP Narine,0,0,False,
1082648,2017-05-17,2017,Sunrisers Hyderabad,Kolkata Knight Riders,M Chinnaswamy Stadium,5,3,SP Narine,0,0,False,
1082648,2017-05-17,2017,Sunrisers Hyderabad,Kolkata Knight Riders,M Chinnaswamy Stadium,5,4,SP Narine,1,1,False,
1082648,2017-05-17,2017,Sunrisers Hyderabad,Kolkata Knight Riders,M Chinnaswamy Stadium,5,6,SP Narine,1,1,False,
1082648,2017-05-17,2017,Sunrisers Hyderabad,Kolkata Knight Riders,M Chinnaswamy Stadium,6,1,YK Pathan,1,1,False,
1082648,2017-05-17,2017,Sunrisers Hyderabad,Kolkata Knight Riders,M Chinnaswamy Stadium,6,4,YK Pathan,4,4,False,
1082648,2017-05-17,2017,Sunrisers Hyderabad,Kolkata Knight Riders,M Chinnaswamy Stadium,6,5,YK Pathan,0,0,False,
1082648,2017-05-17,2017,Sunrisers Hyderabad,Kolkata Knight Riders,M Chinnaswamy Stadium,6,6,YK Pathan,1,1,False,
1082648,2017-05-17,2017,Sunrisers Hyderabad,Kolkata Knight Riders,M Chinnaswamy Stadium,7,1,NM Coulter-Nile,1,1,False,
1082648,2017-05-17,2017,Sunrisers Hyderabad,Kolkata Knight Riders,M Chinnaswamy Stadium,7,3,NM Coulter-Nile,0,0,False,
1082648,2017-05-17,2017,Sunrisers Hyderabad,Kolkata Knight Riders,M Chinnaswamy Stadium,7,4,NM Coulter-Nile,0,0,False,
1082648,2017-05-17,2017,Sunrisers Hyderabad,Kolkata Knight Riders,M Chinnaswamy Stadium,7,5,NM Coulter-Nile,0,0,False,
1082648,2017-05-17,2017,Sunrisers Hyderabad,Kolkata Knight Riders,M Chinnaswamy Stadium,7,6,NM Coulter-Nile,0,0,False,
1082648,2017-05-17,2017,Sunrisers Hyderabad,Kolkata Knight Riders,M Chinnaswamy Stadium,8,4,PP Chawla,0,0,False,
1082648,2017-05-17,2017,Sunrisers Hyderabad,Kolkata Knight Riders,M Chinnaswamy Stadium,8,5,PP Chawla,1,1,False,
1082648,2017-05-17,2017,Sunrisers Hyderabad,Kolkata Knight Riders,M Chinnaswamy Stadium,9,2,NM Coulter-Nile,4,4,False,
1082648,2017-05-17,2017,Sunrisers Hyderabad,Kolkata Knight Riders,M Chinnaswamy Stadium,9,3,NM Coulter-Nile,6,6,False,
1082648,2017-05-17,2017,Sunrisers Hyderabad,Kolkata Knight Riders,M Chinnaswamy Stadium,9,4,NM Coulter-Nile,1,1,False,
1082648,2017-05-17,2017,Sunrisers Hyderabad,Kolkata Knight Riders,M Chinnaswamy Stadium,10,4,SP Narine,1,1,False,
1082648,2017-05-17,2017,Sunrisers Hyderabad,Kolkata Knight Riders,M Chinnaswamy Stadium,11,1,NM Coulter-Nile,1,1,False,
1082648,2017-05-17,2017,Sunrisers Hyderabad,Kolkata Knight Riders,M Chinnaswamy Stadium,11,4,NM Coulter-Nile,0,1,False,
1082648,2017-05-17,2017,Sunrisers Hyderabad,Kolkata Knight Riders,M Chinnaswamy Stadium,11,6,NM Coulter-Nile,0,0,True,caught
1136564,2018-04-09,2018,Sunrisers Hyderabad,Rajasthan Royals,Rajiv Gandhi International Stadium,3,1,JD Unadkat,0,0,False,
1136564,2018-04-09,2018,Sunrisers Hyderabad,Rajasthan Royals,Rajiv Gandhi International Stadium,3,2,JD Unadkat,0,0,False,
1136564,2018-04-09,2018,Sunrisers Hyderabad,Rajasthan Royals,Rajiv Gandhi International Stadium,3,3,JD Unadkat,4,4,False,
1136564,2018-04-09,2018,Sunrisers Hyderabad,Rajasthan Royals,Rajiv Gandhi International Stadium,3,4,JD Unadkat,0,0,False,
1136564,2018-04-09,2018,Sunrisers Hyderabad,Rajasthan Royals,Rajiv Gandhi International Stadium,3,5,JD Unadkat,6,6,False,
1136564,2018-04-09,2018,Sunrisers Hyderabad,Rajasthan Royals,Rajiv Gandhi International Stadium,3,6,JD Unadkat,2,2,False,
1136564,2018-04-09,2018,Sunrisers Hyderabad,Rajasthan Royals,Rajiv Gandhi International Stadium,4,5,K Gowtham,0,0,False,
1136564,2018-04-09,2018,Sunrisers Hyderabad,Rajasthan Royals,Rajiv Gandhi International Stadium,4,6,K Gowtham,0,0,False,
1136564,2018-04-09,2018,Sunrisers Hyderabad,Rajasthan Royals,Rajiv Gandhi International Stadium,5,2,B Laughlin,0,0,False,
1136564,2018-04-09,2018,Sunrisers Hyderabad,Rajasthan Royals,Rajiv Gandhi International Stadium,5,3,B Laughlin,1,1,False,
1136564,2018-04-09,2018,Sunrisers Hyderabad,Rajasthan Royals,Rajiv Gandhi International Stadium,5,7,B Laughlin,4,4,False,
1136564,2018-04-09,2018,Sunrisers Hyderabad,Rajasthan Royals,Rajiv Gandhi International Stadium,6,3,S Gopal,0,0,False,
1136564,2018-04-09,2018,Sunrisers Hyderabad,Rajasthan Royals,Rajiv Gandhi International Stadium,6,4,S Gopal,1,1,False,
1136564,2018-04-09,2018,Sunrisers Hyderabad,Rajasthan Royals,Rajiv Gandhi International Stadium,7,4,BA Stokes,1,1,False,
1136564,2018-04-09,2018,Sunrisers Hyderabad,Rajasthan Royals,Rajiv Gandhi International Stadium,8,1,S Gopal,1,1,False,
1136564,2018-04-09,2018,Sunrisers Hyderabad,Rajasthan Royals,Rajiv Gandhi International Stadium,8,3,S Gopal,0,0,False,
1136564,2018-04-09,2018,Sunrisers Hyderabad,Rajasthan Royals,Rajiv Gandhi International Stadium,8,4,S Gopal,0,0,False,
1136564,2018-04-09,2018,Sunrisers Hyderabad,Rajasthan Royals,Rajiv Gandhi International Stadium,8,5,S Gopal,1,1,False,
1136564,2018-04-09,2018,Sunrisers Hyderabad,Rajasthan Royals,Rajiv Gandhi International Stadium,9,6,BA Stokes,1,1,False,
1136564,2018-04-09,2018,Sunrisers Hyderabad,Rajasthan Royals,Rajiv Gandhi International Stadium,10,1,S Gopal,0,0,False,
1136564,2018-04-09,2018,Sunrisers Hyderabad,Rajasthan Royals,Rajiv Gandhi International Stadium,10,2,S Gopal,1,1,False,
1136564,2018-04-09,2018,Sunrisers Hyderabad,Rajasthan Royals,Rajiv Gandhi International Stadium,10,4,S Gopal,0,0,False,
1136564,2018-04-09,2018,Sunrisers Hyderabad,Rajasthan Royals,Rajiv Gandhi International Stadium,10,5,S Gopal,4,4,False,
1136564,2018-04-09,2018,Sunrisers Hyderabad,Rajasthan Royals,Rajiv Gandhi International Stadium,10,6,S Gopal,1,1,False,
1136564,2018-04-09,2018,Sunrisers Hyderabad,Rajasthan Royals,Rajiv Gandhi International Stadium,11,1,B Laughlin,0,0,False,
1136564,2018-04-09,2018,Sunrisers Hyderabad,Rajasthan Royals,Rajiv Gandhi International Stadium,11,2,B Laughlin,1,1,False,
1136564,2018-04-09,2018,Sunrisers Hyderabad,Rajasthan Royals,Rajiv Gandhi International Stadium,11,5,B Laughlin,1,1,False,
1136564,2018-04-09,2018,Sunrisers Hyderabad,Rajasthan Royals,Rajiv Gandhi International Stadium,13,1,JD Unadkat,0,0,False,
1136564,2018-04-09,2018,Sunrisers Hyderabad,Rajasthan Royals,Rajiv Gandhi International Stadium,13,2,JD Unadkat,2,2,False,
1136564,2018-04-09,2018,Sunrisers Hyderabad,Rajasthan Royals,Rajiv Gandhi International Stadium,13,3,JD Unadkat,0,0,False,
1136564,2018-04-09,2018,Sunrisers Hyderabad,Rajasthan Royals,Rajiv Gandhi International Stadium,13,4,JD Unadkat,2,2,False,
1136564,2018-04-09,2018,Sunrisers Hyderabad,Rajasthan Royals,Rajiv Gandhi International Stadium,13,5,JD Unadkat,1,1,False,
1136564,2018-04-09,2018,Sunrisers Hyderabad,Rajasthan Royals,Rajiv Gandhi International Stadium,14,2,DJM Short,1,1,False,
1136564,2018-04-09,2018,Sunrisers Hyderabad,Rajasthan Royals,Rajiv Gandhi International Stadium,14,5,DJM Short,0,0,False,
1136564,2018-04-09,2018,Sunrisers Hyderabad,Rajasthan Royals,Rajiv Gandhi International Stadium,14,6,DJM Short,0,0,False,
1136567,2018-04-12,2018,Sunrisers Hyderabad,Mumbai Indians,Rajiv Gandhi International Stadium,6,6,M Markande,1,1,False,
1136567,2018-04-12,2018,Sunrisers Hyderabad,Mumbai Indians,Rajiv Gandhi International Stadium,7,1,Mustafizur Rahman,1,1,False,
1136567,2018-04-12,2018,Sunrisers Hyderabad,Mumbai Indians,Rajiv Gandhi International Stadium,7,5,Mustafizur Rahman,4,4,False,
1136567,2018-04-12,2018,Sunrisers Hyderabad,Mumbai Indians,Rajiv Gandhi International Stadium,7,6,Mustafizur Rahman,0,0,True,caught
1136570,2018-04-14,2018,Sunrisers Hyderabad,Kolkata Knight Riders,Eden Gardens,3,2,SP Narine,0,0,False,
1136570,2018-04-14,2018,Sunrisers Hyderabad,Kolkata Knight Riders,Eden Gardens,3,3,SP Narine,0,0,False,
1136570,2018-04-14,2018,Sunrisers Hyderabad,Kolkata Knight Riders,Eden Gardens,3,4,SP Narine,1,1,False,
1136570,2018-04-14,2018,Sunrisers Hyderabad,Kolkata Knight Riders,Eden Gardens,3,6,SP Narine,1,1,False,
1136570,2018-04-14,2018,Sunrisers Hyderabad,Kolkata Knight Riders,Eden Gardens,4,1,PP Chawla,1,1,False,
1136570,2018-04-14,2018,Sunrisers Hyderabad,Kolkata Knight Riders,Eden Gardens,4,3,PP Chawla,4,4,False,
1136570,2018-04-14,2018,Sunrisers Hyderabad,Kolkata Knight Riders,Eden Gardens,4,4,PP Chawla,4,4,False,
1136570,2018-04-14,2018,Sunrisers Hyderabad,Kolkata Knight Riders,Eden Gardens,4,5,PP Chawla,0,0,False,
1136570,2018-04-14,2018,Sunrisers Hyderabad,Kolkata Knight Riders,Eden Gardens,4,6,PP Chawla,0,0,False,
1136570,2018-04-14,2018,Sunrisers Hyderabad,Kolkata Knight Riders,Eden Gardens,6,1,Kuldeep Yadav,0,0,False,
1136570,2018-04-14,2018,Sunrisers Hyderabad,Kolkata Knight Riders,Eden Gardens,6,2,Kuldeep Yadav,0,0,False,
1136570,2018-04-14,2018,Sunrisers Hyderabad,Kolkata Knight Riders,Eden Gardens,6,3,Kuldeep Yadav,1,1,False,
1136570,2018-04-14,2018,Sunrisers Hyderabad,Kolkata Knight Riders,Eden Gardens,6,6,Kuldeep Yadav,1,1,False,
1136570,2018-04-14,2018,Sunrisers Hyderabad,Kolkata Knight Riders,Eden Gardens,7,1,PP Chawla,0,0,False,
1136570,2018-04-14,2018,Sunrisers Hyderabad,Kolkata Knight Riders,Eden Gardens,7,2,PP Chawla,0,0,False,
1136570,2018-04-14,2018,Sunrisers Hyderabad,Kolkata Knight Riders,Eden Gardens,7,3,PP Chawla,1,1,False,
1136570,2018-04-14,2018,Sunrisers Hyderabad,Kolkata Knight Riders,Eden Gardens,7,5,PP Chawla,1,1,False,
1136570,2018-04-14,2018,Sunrisers Hyderabad,Kolkata Knight Riders,Eden Gardens,8,2,Kuldeep Yadav,0,0,False,
1136570,2018-04-14,2018,Sunrisers Hyderabad,Kolkata Knight Riders,Eden Gardens,8,3,Kuldeep Yadav,1,1,False,
1136570,2018-04-14,2018,Sunrisers Hyderabad,Kolkata Knight Riders,Eden Gardens,8,6,Kuldeep Yadav,2,2,False,
1136570,2018-04-14,2018,Sunrisers Hyderabad,Kolkata Knight Riders,Eden Gardens,9,2,PP Chawla,1,1,False,
1136570,2018-04-14,2018,Sunrisers Hyderabad,Kolkata Knight Riders,Eden Gardens,9,5,PP Chawla,1,1,False,
1136570,2018-04-14,2018,Sunrisers Hyderabad,Kolkata Knight Riders,Eden Gardens,10,1,Kuldeep Yadav,0,0,False,
1136570,2018-04-14,2018,Sunrisers Hyderabad,Kolkata Knight Riders,Eden Gardens,10,2,Kuldeep Yadav,4,4,False,
1136570,2018-04-14,2018,Sunrisers Hyderabad,Kolkata Knight Riders,Eden Gardens,10,3,Kuldeep Yadav,4,4,False,
1136570,2018-04-14,2018,Sunrisers Hyderabad,Kolkata Knight Riders,Eden Gardens,10,4,Kuldeep Yadav,0,0,False,
1136570,2018-04-14,2018,Sunrisers Hyderabad,Kolkata Knight Riders,Eden Gardens,10,5,Kuldeep Yadav,1,1,False,
1136570,2018-04-14,2018,Sunrisers Hyderabad,Kolkata Knight Riders,Eden Gardens,11,2,AD Russell,1,1,False,
1136570,2018-04-14,2018,Sunrisers Hyderabad,Kolkata Knight Riders,Eden Gardens,12,1,SP Narine,1,1,False,
1136570,2018-04-14,2018,Sunrisers Hyderabad,Kolkata Knight Riders,Eden Gardens,12,4,SP Narine,2,2,False,
1136570,2018-04-14,2018,Sunrisers Hyderabad,Kolkata Knight Riders,Eden Gardens,12,5,SP Narine,2,2,False,
1136570,2018-04-14,2018,Sunrisers Hyderabad,Kolkata Knight Riders,Eden Gardens,12,6,SP Narine,1,1,False,
1136570,2018-04-14,2018,Sunrisers Hyderabad,Kolkata Knight Riders,Eden Gardens,13,1,Kuldeep Yadav,0,0,False,
1136570,2018-04-14,2018,Sunrisers Hyderabad,Kolkata Knight Riders,Eden Gardens,13,2,Kuldeep Yadav,1,1,False,
1136570,2018-04-14,2018,Sunrisers Hyderabad,Kolkata Knight Riders,Eden Gardens,13,4,Kuldeep Yadav,1,1,False,
1136570,2018-04-14,2018,Sunrisers Hyderabad,Kolkata Knight Riders,Eden Gardens,13,6,Kuldeep Yadav,1,1,False,
1136570,2018-04-14,2018,Sunrisers Hyderabad,Kolkata Knight Riders,Eden Gardens,14,1,Shivam Mavi,1,1,False,
1136570,2018-04-14,2018,Sunrisers Hyderabad,Kolkata Knight Riders,Eden Gardens,14,3,Shivam Mavi,6,6,False,
1136570,2018-04-14,2018,Sunrisers Hyderabad,Kolkata Knight Riders,Eden Gardens,14,4,Shivam Mavi,0,0,False,
1136570,2018-04-14,2018,Sunrisers Hyderabad,Kolkata Knight Riders,Eden Gardens,14,5,Shivam Mavi,1,1,False,
1136570,2018-04-14,2018,Sunrisers Hyderabad,Kolkata Knight Riders,Eden Gardens,15,2,PP Chawla,1,1,False,
1136570,2018-04-14,2018,Sunrisers Hyderabad,Kolkata Knight Riders,Eden Gardens,16,1,SP Narine,1,1,False,
1136570,2018-04-14,2018,Sunrisers Hyderabad,Kolkata Knight Riders,Eden Gardens,16,5,SP Narine,1,1,False,
1136570,2018-04-14,2018,Sunrisers Hyderabad,Kolkata Knight Riders,Eden Gardens,17,2,MG Johnson,0,0,True,caught
1136576,2018-04-19,2018,Sunrisers Hyderabad,Kings XI Punjab,Punjab Cricket Association IS Bindra Stadium,0,7,BB Sran,0,0,False,
1136576,2018-04-19,2018,Sunrisers Hyderabad,Kings XI Punjab,Punjab Cricket Association IS Bindra Stadium,1,2,MM Sharma,4,4,False,
1136576,2018-04-19,2018,Sunrisers Hyderabad,Kings XI Punjab,Punjab Cricket Association IS Bindra Stadium,1,3,MM Sharma,3,3,False,
1136576,2018-04-19,2018,Sunrisers Hyderabad,Kings XI Punjab,Punjab Cricket Association IS Bindra Stadium,2,1,BB Sran,1,1,False,
1136576,2018-04-19,2018,Sunrisers Hyderabad,Kings XI Punjab,Punjab Cricket Association IS Bindra Stadium,2,4,BB Sran,1,1,False,
1136576,2018-04-19,2018,Sunrisers Hyderabad,Kings XI Punjab,Punjab Cricket Association IS Bindra Stadium,2,6,BB Sran,0,0,False,
1136576,2018-04-19,2018,Sunrisers Hyderabad,Kings XI Punjab,Punjab Cricket Association IS Bindra Stadium,3,3,AJ Tye,1,1,False,
1136576,2018-04-19,2018,Sunrisers Hyderabad,Kings XI Punjab,Punjab Cricket Association IS Bindra Stadium,3,6,AJ Tye,0,0,False,
1136576,2018-04-19,2018,Sunrisers Hyderabad,Kings XI Punjab,Punjab Cricket Association IS Bindra Stadium,4,3,MM Sharma,0,1,False,
1136576,2018-04-19,2018,Sunrisers Hyderabad,Kings XI Punjab,Punjab Cricket Association IS Bindra Stadium,5,1,BB Sran,0,0,False,
1136576,2018-04-19,2018,Sunrisers Hyderabad,Kings XI Punjab,Punjab Cricket Association IS Bindra Stadium,5,2,BB Sran,1,1,False,
1136576,2018-04-19,2018,Sunrisers Hyderabad,Kings XI Punjab,Punjab Cricket Association IS Bindra Stadium,5,4,BB Sran,1,1,False,
1136576,2018-04-19,2018,Sunrisers Hyderabad,Kings XI Punjab,Punjab Cricket Association IS Bindra Stadium,6,1,R Ashwin,1,1,False,
1136576,2018-04-19,2018,Sunrisers Hyderabad,Kings XI Punjab,Punjab Cricket Association IS Bindra Stadium,6,3,R Ashwin,1,1,False,
1136576,2018-04-19,2018,Sunrisers Hyderabad,Kings XI Punjab,Punjab Cricket Association IS Bindra Stadium,6,5,R Ashwin,2,2,False,
1136576,2018-04-19,2018,Sunrisers Hyderabad,Kings XI Punjab,Punjab Cricket Association IS Bindra Stadium,6,6,R Ashwin,4,4,False,
1136576,2018-04-19,2018,Sunrisers Hyderabad,Kings XI Punjab,Punjab Cricket Association IS Bindra Stadium,6,7,R Ashwin,1,1,False,
1136576,2018-04-19,2018,Sunrisers Hyderabad,Kings XI Punjab,Punjab Cricket Association IS Bindra Stadium,7,1,Mujeeb Ur Rahman,1,1,False,
1136576,2018-04-19,2018,Sunrisers Hyderabad,Kings XI Punjab,Punjab Cricket Association IS Bindra Stadium,7,3,Mujeeb Ur Rahman,1,1,False,
1136576,2018-04-19,2018,Sunrisers Hyderabad,Kings XI Punjab,Punjab Cricket Association IS Bindra Stadium,7,5,Mujeeb Ur Rahman,1,1,False,
1136576,2018-04-19,2018,Sunrisers Hyderabad,Kings XI Punjab,Punjab Cricket Association IS Bindra Stadium,8,1,R Ashwin,6,6,False,
1136576,2018-04-19,2018,Sunrisers Hyderabad,Kings XI Punjab,Punjab Cricket Association IS Bindra Stadium,8,2,R Ashwin,1,1,False,
1136576,2018-04-19,2018,Sunrisers Hyderabad,Kings XI Punjab,Punjab Cricket Association IS Bindra Stadium,8,4,R Ashwin,1,1,False,
1136576,2018-04-19,2018,Sunrisers Hyderabad,Kings XI Punjab,Punjab Cricket Association IS Bindra Stadium,8,6,R Ashwin,1,1,False,
1136576,2018-04-19,2018,Sunrisers Hyderabad,Kings XI Punjab,Punjab Cricket Association IS Bindra Stadium,9,1,Mujeeb Ur Rahman,0,0,False,
1136576,2018-04-19,2018,Sunrisers Hyderabad,Kings XI Punjab,Punjab Cricket Association IS Bindra Stadium,9,2,Mujeeb Ur Rahman,2,2,False,
1136576,2018-04-19,2018,Sunrisers Hyderabad,Kings XI Punjab,Punjab Cricket Association IS Bindra Stadium,9,3,Mujeeb Ur Rahman,1,1,False,
1136576,2018-04-19,2018,Sunrisers Hyderabad,Kings XI Punjab,Punjab Cricket Association IS Bindra Stadium,9,6,Mujeeb Ur Rahman,0,0,False,
1136576,2018-04-19,2018,Sunrisers Hyderabad,Kings XI Punjab,Punjab Cricket Association IS Bindra Stadium,10,3,AJ Tye,0,0,False,
1136576,2018-04-19,2018,Sunrisers Hyderabad,Kings XI Punjab,Punjab Cricket Association IS Bindra Stadium,10,4,AJ Tye,0,1,False,
1136576,2018-04-19,2018,Sunrisers Hyderabad,Kings XI Punjab,Punjab Cricket Association IS Bindra Stadium,10,6,AJ Tye,1,1,False,
1136576,2018-04-19,2018,Sunrisers Hyderabad,Kings XI Punjab,Punjab Cricket Association IS Bindra Stadium,11,1,Mujeeb Ur Rahman,1,1,False,
1136576,2018-04-19,2018,Sunrisers Hyderabad,Kings XI Punjab,Punjab Cricket Association IS Bindra Stadium,11,3,Mujeeb Ur Rahman,2,2,False,
1136576,2018-04-19,2018,Sunrisers Hyderabad,Kings XI Punjab,Punjab Cricket Association IS Bindra Stadium,11,4,Mujeeb Ur Rahman,0,0,False,
1136576,2018-04-19,2018,Sunrisers Hyderabad,Kings XI Punjab,Punjab Cricket Association IS Bindra Stadium,11,5,Mujeeb Ur Rahman,1,1,False,
1136576,2018-04-19,2018,Sunrisers Hyderabad,Kings XI Punjab,Punjab Cricket Association IS Bindra Stadium,12,5,MM Sharma,1,1,False,
1136576,2018-04-19,2018,Sunrisers Hyderabad,Kings XI Punjab,Punjab Cricket Association IS Bindra Stadium,13,1,R Ashwin,1,1,False,
1136576,2018-04-19,2018,Sunrisers Hyderabad,Kings XI Punjab,Punjab Cricket Association IS Bindra Stadium,13,5,R Ashwin,6,6,False,
1136576,2018-04-19,2018,Sunrisers Hyderabad,Kings XI Punjab,Punjab Cricket Association IS Bindra Stadium,13,6,R Ashwin,1,1,False,
1136576,2018-04-19,2018,Sunrisers Hyderabad,Kings XI Punjab,Punjab Cricket Association IS Bindra Stadium,14,1,AJ Tye,4,4,False,
1136576,2018-04-19,2018,Sunrisers Hyderabad,Kings XI Punjab,Punjab Cricket Association IS Bindra Stadium,14,2,AJ Tye,0,0,True,caught
1136580,2018-04-22,2018,Sunrisers Hyderabad,Chennai Super Kings,Rajiv Gandhi International Stadium,1,1,SN Thakur,0,0,False,
1136580,2018-04-22,2018,Sunrisers Hyderabad,Chennai Super Kings,Rajiv Gandhi International Stadium,1,2,SN Thakur,2,2,False,
1136580,2018-04-22,2018,Sunrisers Hyderabad,Chennai Super Kings,Rajiv Gandhi International Stadium,1,3,SN Thakur,0,0,False,
1136580,2018-04-22,2018,Sunrisers Hyderabad,Chennai Super Kings,Rajiv Gandhi International Stadium,1,4,SN Thakur,4,4,False,
1136580,2018-04-22,2018,Sunrisers Hyderabad,Chennai Super Kings,Rajiv Gandhi International Stadium,1,5,SN Thakur,0,0,False,
1136580,2018-04-22,2018,Sunrisers Hyderabad,Chennai Super Kings,Rajiv Gandhi International Stadium,1,6,SN Thakur,4,4,False,
1136580,2018-04-22,2018,Sunrisers Hyderabad,Chennai Super Kings,Rajiv Gandhi International Stadium,2,2,DL Chahar,1,1,False,
1136580,2018-04-22,2018,Sunrisers Hyderabad,Chennai Super Kings,Rajiv Gandhi International Stadium,3,1,SN Thakur,0,1,False,
1136580,2018-04-22,2018,Sunrisers Hyderabad,Chennai Super Kings,Rajiv Gandhi International Stadium,3,2,SN Thakur,1,1,False,
1136580,2018-04-22,2018,Sunrisers Hyderabad,Chennai Super Kings,Rajiv Gandhi International Stadium,3,4,SN Thakur,0,0,False,
1136580,2018-04-22,2018,Sunrisers Hyderabad,Chennai Super Kings,Rajiv Gandhi International Stadium,3,5,SN Thakur,4,4,False,
1136580,2018-04-22,2018,Sunrisers Hyderabad,Chennai Super Kings,Rajiv Gandhi International Stadium,3,6,SN Thakur,0,0,False,
1136580,2018-04-22,2018,Sunrisers Hyderabad,Chennai Super Kings,Rajiv Gandhi International Stadium,3,7,SN Thakur,4,4,False,
1136580,2018-04-22,2018,Sunrisers Hyderabad,Chennai Super Kings,Rajiv Gandhi International Stadium,4,3,DL Chahar,0,0,False,
1136580,2018-04-22,2018,Sunrisers Hyderabad,Chennai Super Kings,Rajiv Gandhi International Stadium,4,4,DL Chahar,6,6,False,
1136580,2018-04-22,2018,Sunrisers Hyderabad,Chennai Super Kings,Rajiv Gandhi International Stadium,4,5,DL Chahar,0,0,False,
1136580,2018-04-22,2018,Sunrisers Hyderabad,Chennai Super Kings,Rajiv Gandhi International Stadium,4,6,DL Chahar,0,0,False,
1136580,2018-04-22,2018,Sunrisers Hyderabad,Chennai Super Kings,Rajiv Gandhi International Stadium,5,4,SR Watson,1,1,False,
1136580,2018-04-22,2018,Sunrisers Hyderabad,Chennai Super Kings,Rajiv Gandhi International Stadium,6,1,RA Jadeja,1,1,False,
1136580,2018-04-22,2018,Sunrisers Hyderabad,Chennai Super Kings,Rajiv Gandhi International Stadium,6,3,RA Jadeja,0,0,False,
1136580,2018-04-22,2018,Sunrisers Hyderabad,Chennai Super Kings,Rajiv Gandhi International Stadium,6,4,RA Jadeja,0,0,False,
1136580,2018-04-22,2018,Sunrisers Hyderabad,Chennai Super Kings,Rajiv Gandhi International Stadium,6,5,RA Jadeja,1,1,False,
1136580,2018-04-22,2018,Sunrisers Hyderabad,Chennai Super Kings,Rajiv Gandhi International Stadium,7,1,DL Chahar,1,1,False,
1136580,2018-04-22,2018,Sunrisers Hyderabad,Chennai Super Kings,Rajiv Gandhi International Stadium,7,3,DL Chahar,1,1,False,
1136580,2018-04-22,2018,Sunrisers Hyderabad,Chennai Super Kings,Rajiv Gandhi International Stadium,8,2,RA Jadeja,4,4,False,
1136580,2018-04-22,2018,Sunrisers Hyderabad,Chennai Super Kings,Rajiv Gandhi International Stadium,8,3,RA Jadeja,0,0,False,
1136580,2018-04-22,2018,Sunrisers Hyderabad,Chennai Super Kings,Rajiv Gandhi International Stadium,8,4,RA Jadeja,2,2,False,
1136580,2018-04-22,2018,Sunrisers Hyderabad,Chennai Super Kings,Rajiv Gandhi International Stadium,8,5,RA Jadeja,1,1,False,
1136580,2018-04-22,2018,Sunrisers Hyderabad,Chennai Super Kings,Rajiv Gandhi International Stadium,9,2,SR Watson,4,4,False,
1136580,2018-04-22,2018,Sunrisers Hyderabad,Chennai Super Kings,Rajiv Gandhi International Stadium,9,3,SR Watson,2,2,False,
1136580,2018-04-22,2018,Sunrisers Hyderabad,Chennai Super Kings,Rajiv Gandhi International Stadium,9,4,SR Watson,1,1,False,
1136580,2018-04-22,2018,Sunrisers Hyderabad,Chennai Super Kings,Rajiv Gandhi International Stadium,10,6,KV Sharma,1,1,False,
1136580,2018-04-22,2018,Sunrisers Hyderabad,Chennai Super Kings,Rajiv Gandhi International Stadium,11,1,RA Jadeja,1,1,False,
1136580,2018-04-22,2018,Sunrisers Hyderabad,Chennai Super Kings,Rajiv Gandhi International Stadium,11,3,RA Jadeja,1,1,False,
1136580,2018-04-22,2018,Sunrisers Hyderabad,Chennai Super Kings,Rajiv Gandhi International Stadium,11,5,RA Jadeja,1,1,False,
1136580,2018-04-22,2018,Sunrisers Hyderabad,Chennai Super Kings,Rajiv Gandhi International Stadium,12,1,KV Sharma,1,1,False,
1136580,2018-04-22,2018,Sunrisers Hyderabad,Chennai Super Kings,Rajiv Gandhi International Stadium,12,4,KV Sharma,1,1,False,
1136580,2018-04-22,2018,Sunrisers Hyderabad,Chennai Super Kings,Rajiv Gandhi International Stadium,13,2,RA Jadeja,1,1,False,
1136580,2018-04-22,2018,Sunrisers Hyderabad,Chennai Super Kings,Rajiv Gandhi International Stadium,13,5,RA Jadeja,0,0,False,
1136580,2018-04-22,2018,Sunrisers Hyderabad,Chennai Super Kings,Rajiv Gandhi International Stadium,13,6,RA Jadeja,6,6,False,
1136580,2018-04-22,2018,Sunrisers Hyderabad,Chennai Super Kings,Rajiv Gandhi International Stadium,13,7,RA Jadeja,1,1,False,
1136580,2018-04-22,2018,Sunrisers Hyderabad,Chennai Super Kings,Rajiv Gandhi International Stadium,14,1,KV Sharma,2,2,False,
1136580,2018-04-22,2018,Sunrisers Hyderabad,Chennai Super Kings,Rajiv Gandhi International Stadium,14,2,KV Sharma,6,6,False,
1136580,2018-04-22,2018,Sunrisers Hyderabad,Chennai Super Kings,Rajiv Gandhi International Stadium,14,3,KV Sharma,1,1,False,
1136580,2018-04-22,2018,Sunrisers Hyderabad,Chennai Super Kings,Rajiv Gandhi International Stadium,14,5,KV Sharma,6,6,False,
1136580,2018-04-22,2018,Sunrisers Hyderabad,Chennai Super Kings,Rajiv Gandhi International Stadium,14,6,KV Sharma,6,6,False,
1136580,2018-04-22,2018,Sunrisers Hyderabad,Chennai Super Kings,Rajiv Gandhi International Stadium,15,2,DJ Bravo,1,1,False,
1136580,2018-04-22,2018,Sunrisers Hyderabad,Chennai Super Kings,Rajiv Gandhi International Stadium,16,1,SN Thakur,2,2,False,
1136580,2018-04-22,2018,Sunrisers Hyderabad,Chennai Super Kings,Rajiv Gandhi International Stadium,16,2,SN Thakur,1,1,False,
1136580,2018-04-22,2018,Sunrisers Hyderabad,Chennai Super Kings,Rajiv Gandhi International Stadium,16,5,SN Thakur,0,0,False,
1136580,2018-04-22,2018,Sunrisers Hyderabad,Chennai Super Kings,Rajiv Gandhi International Stadium,16,6,SN Thakur,0,0,False,
1136580,2018-04-22,2018,Sunrisers Hyderabad,Chennai Super Kings,Rajiv Gandhi International Stadium,17,6,DJ Bravo,0,0,True,caught
1136583,2018-04-24,2018,Sunrisers Hyderabad,Mumbai Indians,Wankhede Stadium,0,3,JJ Bumrah,4,4,False,
1136583,2018-04-24,2018,Sunrisers Hyderabad,Mumbai Indians,Wankhede Stadium,0,4,JJ Bumrah,4,4,False,
1136583,2018-04-24,2018,Sunrisers Hyderabad,Mumbai Indians,Wankhede Stadium,0,5,JJ Bumrah,1,1,False,
1136583,2018-04-24,2018,Sunrisers Hyderabad,Mumbai Indians,Wankhede Stadium,1,1,MJ McClenaghan,1,1,False,
1136583,2018-04-24,2018,Sunrisers Hyderabad,Mumbai Indians,Wankhede Stadium,2,1,JJ Bumrah,0,0,False,
1136583,2018-04-24,2018,Sunrisers Hyderabad,Mumbai Indians,Wankhede Stadium,2,2,JJ Bumrah,1,1,False,
1136583,2018-04-24,2018,Sunrisers Hyderabad,Mumbai Indians,Wankhede Stadium,2,5,JJ Bumrah,1,1,False,
1136583,2018-04-24,2018,Sunrisers Hyderabad,Mumbai Indians,Wankhede Stadium,4,1,HH Pandya,4,4,False,
1136583,2018-04-24,2018,Sunrisers Hyderabad,Mumbai Indians,Wankhede Stadium,4,2,HH Pandya,0,1,False,
1136583,2018-04-24,2018,Sunrisers Hyderabad,Mumbai Indians,Wankhede Stadium,4,3,HH Pandya,1,1,False,
1136583,2018-04-24,2018,Sunrisers Hyderabad,Mumbai Indians,Wankhede Stadium,5,3,MJ McClenaghan,0,0,False,
1136583,2018-04-24,2018,Sunrisers Hyderabad,Mumbai Indians,Wankhede Stadium,5,4,MJ McClenaghan,1,1,False,
1136583,2018-04-24,2018,Sunrisers Hyderabad,Mumbai Indians,Wankhede Stadium,6,1,HH Pandya,0,0,False,
1136583,2018-04-24,2018,Sunrisers Hyderabad,Mumbai Indians,Wankhede Stadium,6,2,HH Pandya,4,4,False,
1136583,2018-04-24,2018,Sunrisers Hyderabad,Mumbai Indians,Wankhede Stadium,6,3,HH Pandya,0,0,False,
1136583,2018-04-24,2018,Sunrisers Hyderabad,Mumbai Indians,Wankhede Stadium,6,4,HH Pandya,0,0,False,
1136583,2018-04-24,2018,Sunrisers Hyderabad,Mumbai Indians,Wankhede Stadium,6,5,HH Pandya,1,1,False,
1136583,2018-04-24,2018,Sunrisers Hyderabad,Mumbai Indians,Wankhede Stadium,7,1,Mustafizur Rahman,4,4,False,
1136583,2018-04-24,2018,Sunrisers Hyderabad,Mumbai Indians,Wankhede Stadium,7,2,Mustafizur Rahman,0,0,False,
1136583,2018-04-24,2018,Sunrisers Hyderabad,Mumbai Indians,Wankhede Stadium,7,3,Mustafizur Rahman,1,1,False,
1136583,2018-04-24,2018,Sunrisers Hyderabad,Mumbai Indians,Wankhede Stadium,7,6,Mustafizur Rahman,1,1,False,
1136583,2018-04-24,2018,Sunrisers Hyderabad,Mumbai Indians,Wankhede Stadium,8,1,HH Pandya,0,0,True,caught
1136585,2018-04-26,2018,Sunrisers Hyderabad,Kings XI Punjab,Rajiv Gandhi International Stadium,0,2,AS Rajpoot,0,0,False,
1136585,2018-04-26,2018,Sunrisers Hyderabad,Kings XI Punjab,Rajiv Gandhi International Stadium,0,3,AS Rajpoot,0,0,False,
1136585,2018-04-26,2018,Sunrisers Hyderabad,Kings XI Punjab,Rajiv Gandhi International Stadium,0,4,AS Rajpoot,0,0,True,caught
1136588,2018-04-29,2018,Sunrisers Hyderabad,Rajasthan Royals,Sawai Mansingh Stadium,2,2,K Gowtham,1,1,False,
1136588,2018-04-29,2018,Sunrisers Hyderabad,Rajasthan Royals,Sawai Mansingh Stadium,2,4,K Gowtham,0,0,False,
1136588,2018-04-29,2018,Sunrisers Hyderabad,Rajasthan Royals,Sawai Mansingh Stadium,2,5,K Gowtham,0,0,False,
1136588,2018-04-29,2018,Sunrisers Hyderabad,Rajasthan Royals,Sawai Mansingh Stadium,2,6,K Gowtham,1,1,False,
1136588,2018-04-29,2018,Sunrisers Hyderabad,Rajasthan Royals,Sawai Mansingh Stadium,3,1,DS Kulkarni,4,4,False,
1136588,2018-04-29,2018,Sunrisers Hyderabad,Rajasthan Royals,Sawai Mansingh Stadium,3,2,DS Kulkarni,0,0,False,
1136588,2018-04-29,2018,Sunrisers Hyderabad,Rajasthan Royals,Sawai Mansingh Stadium,3,3,DS Kulkarni,1,1,False,
1136588,2018-04-29,2018,Sunrisers Hyderabad,Rajasthan Royals,Sawai Mansingh Stadium,3,6,DS Kulkarni,0,0,False,
1136588,2018-04-29,2018,Sunrisers Hyderabad,Rajasthan Royals,Sawai Mansingh Stadium,4,2,JC Archer,4,4,False,
1136588,2018-04-29,2018,Sunrisers Hyderabad,Rajasthan Royals,Sawai Mansingh Stadium,4,3,JC Archer,0,0,False,
1136588,2018-04-29,2018,Sunrisers Hyderabad,Rajasthan Royals,Sawai Mansingh Stadium,4,4,JC Archer,1,1,False,
1136588,2018-04-29,2018,Sunrisers Hyderabad,Rajasthan Royals,Sawai Mansingh Stadium,4,6,JC Archer,0,0,False,
1136588,2018-04-29,2018,Sunrisers Hyderabad,Rajasthan Royals,Sawai Mansingh Stadium,5,3,JD Unadkat,0,0,False,
1136588,2018-04-29,2018,Sunrisers Hyderabad,Rajasthan Royals,Sawai Mansingh Stadium,5,4,JD Unadkat,1,1,False,
1136588,2018-04-29,2018,Sunrisers Hyderabad,Rajasthan Royals,Sawai Mansingh Stadium,6,1,IS Sodhi,1,1,False,
1136588,2018-04-29,2018,Sunrisers Hyderabad,Rajasthan Royals,Sawai Mansingh Stadium,6,3,IS Sodhi,1,1,False,
1136588,2018-04-29,2018,Sunrisers Hyderabad,Rajasthan Royals,Sawai Mansingh Stadium,6,5,IS Sodhi,4,4,False,
1136588,2018-04-29,2018,Sunrisers Hyderabad,Rajasthan Royals,Sawai Mansingh Stadium,6,6,IS Sodhi,1,1,False,
1136588,2018-04-29,2018,Sunrisers Hyderabad,Rajasthan Royals,Sawai Mansingh Stadium,7,1,BA Stokes,1,1,False,
1136588,2018-04-29,2018,Sunrisers Hyderabad,Rajasthan Royals,Sawai Mansingh Stadium,7,4,BA Stokes,0,0,False,
1136588,2018-04-29,2018,Sunrisers Hyderabad,Rajasthan Royals,Sawai Mansingh Stadium,7,5,BA Stokes,1,1,False,
1136588,2018-04-29,2018,Sunrisers Hyderabad,Rajasthan Royals,Sawai Mansingh Stadium,8,2,IS Sodhi,1,1,False,
1136588,2018-04-29,2018,Sunrisers Hyderabad,Rajasthan Royals,Sawai Mansingh Stadium,8,6,IS Sodhi,4,4,False,
1136588,2018-04-29,2018,Sunrisers Hyderabad,Rajasthan Royals,Sawai Mansingh Stadium,9,6,BA Stokes,0,0,False,
1136588,2018-04-29,2018,Sunrisers Hyderabad,Rajasthan Royals,Sawai Mansingh Stadium,10,2,MK Lomror,1,1,False,
1136588,2018-04-29,2018,Sunrisers Hyderabad,Rajasthan Royals,Sawai Mansingh Stadium,10,4,MK Lomror,1,1,False,
1136588,2018-04-29,2018,Sunrisers Hyderabad,Rajasthan Royals,Sawai Mansingh Stadium,11,1,JD Unadkat,4,4,False,
1136588,2018-04-29,2018,Sunrisers Hyderabad,Rajasthan Royals,Sawai Mansingh Stadium,11,2,JD Unadkat,6,6,False,
1136588,2018-04-29,2018,Sunrisers Hyderabad,Rajasthan Royals,Sawai Mansingh Stadium,11,3,JD Unadkat,4,4,False,
1136588,2018-04-29,2018,Sunrisers Hyderabad,Rajasthan Royals,Sawai Mansingh Stadium,11,4,JD Unadkat,2,2,False,
1136588,2018-04-29,2018,Sunrisers Hyderabad,Rajasthan Royals,Sawai Mansingh Stadium,11,5,JD Unadkat,4,4,False,
1136588,2018-04-29,2018,Sunrisers Hyderabad,Rajasthan Royals,Sawai Mansingh Stadium,11,6,JD Unadkat,1,1,False,
1136588,2018-04-29,2018,Sunrisers Hyderabad,Rajasthan Royals,Sawai Mansingh Stadium,12,1,JC Archer,1,1,False,
1136588,2018-04-29,2018,Sunrisers Hyderabad,Rajasthan Royals,Sawai Mansingh Stadium,12,3,JC Archer,0,0,False,
1136588,2018-04-29,2018,Sunrisers Hyderabad,Rajasthan Royals,Sawai Mansingh Stadium,12,4,JC Archer,6,6,False,
1136588,2018-04-29,2018,Sunrisers Hyderabad,Rajasthan Royals,Sawai Mansingh Stadium,12,5,JC Archer,0,0,False,
1136588,2018-04-29,2018,Sunrisers Hyderabad,Rajasthan Royals,Sawai Mansingh Stadium,12,6,JC Archer,0,0,False,
1136588,2018-04-29,2018,Sunrisers Hyderabad,Rajasthan Royals,Sawai Mansingh Stadium,13,2,K Gowtham,1,1,False,
1136588,2018-04-29,2018,Sunrisers Hyderabad,Rajasthan Royals,Sawai Mansingh Stadium,13,4,K Gowtham,0,0,False,
1136588,2018-04-29,2018,Sunrisers Hyderabad,Rajasthan Royals,Sawai Mansingh Stadium,13,5,K Gowtham,2,2,False,
1136588,2018-04-29,2018,Sunrisers Hyderabad,Rajasthan Royals,Sawai Mansingh Stadium,13,6,K Gowtham,2,2,False,
1136588,2018-04-29,2018,Sunrisers Hyderabad,Rajasthan Royals,Sawai Mansingh Stadium,14,3,IS Sodhi,1,1,False,
1136588,2018-04-29,2018,Sunrisers Hyderabad,Rajasthan Royals,Sawai Mansingh Stadium,14,5,IS Sodhi,0,0,True,caught
1136596,2018-05-05,2018,Sunrisers Hyderabad,Delhi Daredevils,Rajiv Gandhi International Stadium,9,3,DT Christian,1,1,False,
1136596,2018-05-05,2018,Sunrisers Hyderabad,Delhi Daredevils,Rajiv Gandhi International Stadium,9,6,DT Christian,1,1,False,
1136596,2018-05-05,2018,Sunrisers Hyderabad,Delhi Daredevils,Rajiv Gandhi International Stadium,10,1,A Mishra,0,0,False,
1136596,2018-05-05,2018,Sunrisers Hyderabad,Delhi Daredevils,Rajiv Gandhi International Stadium,10,2,A Mishra,1,1,False,
1136596,2018-05-05,2018,Sunrisers Hyderabad,Delhi Daredevils,Rajiv Gandhi International Stadium,10,4,A Mishra,0,0,False,
1136596,2018-05-05,2018,Sunrisers Hyderabad,Delhi Daredevils,Rajiv Gandhi International Stadium,10,5,A Mishra,1,1,False,
1136596,2018-05-05,2018,Sunrisers Hyderabad,Delhi Daredevils,Rajiv Gandhi International Stadium,11,1,LE Plunkett,0,0,False,
1136596,2018-05-05,2018,Sunrisers Hyderabad,Delhi Daredevils,Rajiv Gandhi International Stadium,11,2,LE Plunkett,1,1,False,
1136596,2018-05-05,2018,Sunrisers Hyderabad,Delhi Daredevils,Rajiv Gandhi International Stadium,11,7,LE Plunkett,1,1,False,
1136596,2018-05-05,2018,Sunrisers Hyderabad,Delhi Daredevils,Rajiv Gandhi International Stadium,12,1,A Mishra,0,0,False,
1136596,2018-05-05,2018,Sunrisers Hyderabad,Delhi Daredevils,Rajiv Gandhi International Stadium,12,2,A Mishra,0,0,False,
1136596,2018-05-05,2018,Sunrisers Hyderabad,Delhi Daredevils,Rajiv Gandhi International Stadium,12,3,A Mishra,1,1,False,
1136596,2018-05-05,2018,Sunrisers Hyderabad,Delhi Daredevils,Rajiv Gandhi International Stadium,12,5,A Mishra,1,1,False,
1136596,2018-05-05,2018,Sunrisers Hyderabad,Delhi Daredevils,Rajiv Gandhi International Stadium,13,2,LE Plunkett,1,1,False,
1136596,2018-05-05,2018,Sunrisers Hyderabad,Delhi Daredevils,Rajiv Gandhi International Stadium,13,4,LE Plunkett,2,2,False,
1136596,2018-05-05,2018,Sunrisers Hyderabad,Delhi Daredevils,Rajiv Gandhi International Stadium,13,5,LE Plunkett,1,1,False,
1136596,2018-05-05,2018,Sunrisers Hyderabad,Delhi Daredevils,Rajiv Gandhi International Stadium,14,1,DT Christian,2,2,False,
1136596,2018-05-05,2018,Sunrisers Hyderabad,Delhi Daredevils,Rajiv Gandhi International Stadium,14,2,DT Christian,1,1,False,
1136596,2018-05-05,2018,Sunrisers Hyderabad,Delhi Daredevils,Rajiv Gandhi International Stadium,14,4,DT Christian,1,1,False,
1136596,2018-05-05,2018,Sunrisers Hyderabad,Delhi Daredevils,Rajiv Gandhi International Stadium,15,1,Avesh Khan,0,0,False,
1136596,2018-05-05,2018,Sunrisers Hyderabad,Delhi Daredevils,Rajiv Gandhi International Stadium,15,2,Avesh Khan,1,1,False,
1136596,2018-05-05,2018,Sunrisers Hyderabad,Delhi Daredevils,Rajiv Gandhi International Stadium,15,5,Avesh Khan,6,6,False,
1136596,2018-05-05,2018,Sunrisers Hyderabad,Delhi Daredevils,Rajiv Gandhi International Stadium,15,6,Avesh Khan,2,2,False,
1136596,2018-05-05,2018,Sunrisers Hyderabad,Delhi Daredevils,Rajiv Gandhi International Stadium,16,2,TA Boult,1,1,False,
1136596,2018-05-05,2018,Sunrisers Hyderabad,Delhi Daredevils,Rajiv Gandhi International Stadium,16,5,TA Boult,0,0,False,
1136596,2018-05-05,2018,Sunrisers Hyderabad,Delhi Daredevils,Rajiv Gandhi International Stadium,16,6,TA Boult,2,2,False,
1136596,2018-05-05,2018,Sunrisers Hyderabad,Delhi Daredevils,Rajiv Gandhi International Stadium,17,2,LE Plunkett,1,1,False,
1136596,2018-05-05,2018,Sunrisers Hyderabad,Delhi Daredevils,Rajiv Gandhi International Stadium,17,5,LE Plunkett,1,1,False,
1136596,2018-05-05,2018,Sunrisers Hyderabad,Delhi Daredevils,Rajiv Gandhi International Stadium,18,6,TA Boult,1,1,False,
1136596,2018-05-05,2018,Sunrisers Hyderabad,Delhi Daredevils,Rajiv Gandhi International Stadium,19,5,DT Christian,1,1,False,
1136599,2018-05-07,2018,Sunrisers Hyderabad,Royal Challengers Bangalore,Rajiv Gandhi International Stadium,2,4,TG Southee,4,4,False,
1136599,2018-05-07,2018,Sunrisers Hyderabad,Royal Challengers Bangalore,Rajiv Gandhi International Stadium,2,5,TG Southee,1,1,False,
1136599,2018-05-07,2018,Sunrisers Hyderabad,Royal Challengers Bangalore,Rajiv Gandhi International Stadium,3,1,UT Yadav,1,1,False,
1136599,2018-05-07,2018,Sunrisers Hyderabad,Royal Challengers Bangalore,Rajiv Gandhi International Stadium,3,3,UT Yadav,0,0,False,
1136599,2018-05-07,2018,Sunrisers Hyderabad,Royal Challengers Bangalore,Rajiv Gandhi International Stadium,3,4,UT Yadav,1,1,False,
1136599,2018-05-07,2018,Sunrisers Hyderabad,Royal Challengers Bangalore,Rajiv Gandhi International Stadium,3,6,UT Yadav,1,1,False,
1136599,2018-05-07,2018,Sunrisers Hyderabad,Royal Challengers Bangalore,Rajiv Gandhi International Stadium,4,1,TG Southee,0,1,False,
1136599,2018-05-07,2018,Sunrisers Hyderabad,Royal Challengers Bangalore,Rajiv Gandhi International Stadium,4,2,TG Southee,1,1,False,
1136599,2018-05-07,2018,Sunrisers Hyderabad,Royal Challengers Bangalore,Rajiv Gandhi International Stadium,4,4,TG Southee,4,4,False,
1136599,2018-05-07,2018,Sunrisers Hyderabad,Royal Challengers Bangalore,Rajiv Gandhi International Stadium,4,5,TG Southee,2,2,False,
1136599,2018-05-07,2018,Sunrisers Hyderabad,Royal Challengers Bangalore,Rajiv Gandhi International Stadium,4,6,TG Southee,1,1,False,
1136599,2018-05-07,2018,Sunrisers Hyderabad,Royal Challengers Bangalore,Rajiv Gandhi International Stadium,5,2,Mohammed Siraj,1,1,False,
1136599,2018-05-07,2018,Sunrisers Hyderabad,Royal Challengers Bangalore,Rajiv Gandhi International Stadium,5,6,Mohammed Siraj,0,0,False,
1136599,2018-05-07,2018,Sunrisers Hyderabad,Royal Challengers Bangalore,Rajiv Gandhi International Stadium,6,2,YS Chahal,0,0,False,
1136599,2018-05-07,2018,Sunrisers Hyderabad,Royal Challengers Bangalore,Rajiv Gandhi International Stadium,6,3,YS Chahal,1,1,False,
1136599,2018-05-07,2018,Sunrisers Hyderabad,Royal Challengers Bangalore,Rajiv Gandhi International Stadium,6,6,YS Chahal,1,1,False,
1136599,2018-05-07,2018,Sunrisers Hyderabad,Royal Challengers Bangalore,Rajiv Gandhi International Stadium,7,1,MM Ali,1,1,False,
1136599,2018-05-07,2018,Sunrisers Hyderabad,Royal Challengers Bangalore,Rajiv Gandhi International Stadium,7,4,MM Ali,0,0,False,
1136599,2018-05-07,2018,Sunrisers Hyderabad,Royal Challengers Bangalore,Rajiv Gandhi International Stadium,7,5,MM Ali,1,1,False,
1136599,2018-05-07,2018,Sunrisers Hyderabad,Royal Challengers Bangalore,Rajiv Gandhi International Stadium,8,1,YS Chahal,1,1,False,
1136599,2018-05-07,2018,Sunrisers Hyderabad,Royal Challengers Bangalore,Rajiv Gandhi International Stadium,9,1,MM Ali,1,1,False,
1136599,2018-05-07,2018,Sunrisers Hyderabad,Royal Challengers Bangalore,Rajiv Gandhi International Stadium,9,6,MM Ali,1,1,False,
1136599,2018-05-07,2018,Sunrisers Hyderabad,Royal Challengers Bangalore,Rajiv Gandhi International Stadium,10,1,YS Chahal,0,0,False,
1136599,2018-05-07,2018,Sunrisers Hyderabad,Royal Challengers Bangalore,Rajiv Gandhi International Stadium,10,2,YS Chahal,4,4,False,
1136599,2018-05-07,2018,Sunrisers Hyderabad,Royal Challengers Bangalore,Rajiv Gandhi International Stadium,10,3,YS Chahal,0,0,False,
1136599,2018-05-07,2018,Sunrisers Hyderabad,Royal Challengers Bangalore,Rajiv Gandhi International Stadium,10,4,YS Chahal,1,1,False,
1136599,2018-05-07,2018,Sunrisers Hyderabad,Royal Challengers Bangalore,Rajiv Gandhi International Stadium,10,6,YS Chahal,0,1,False,
1136599,2018-05-07,2018,Sunrisers Hyderabad,Royal Challengers Bangalore,Rajiv Gandhi International Stadium,10,7,YS Chahal,0,0,False,
1136599,2018-05-07,2018,Sunrisers Hyderabad,Royal Challengers Bangalore,Rajiv Gandhi International Stadium,11,4,C de Grandhomme,1,1,False,
1136599,2018-05-07,2018,Sunrisers Hyderabad,Royal Challengers Bangalore,Rajiv Gandhi International Stadium,12,2,Mohammed Siraj,1,1,False,
1136599,2018-05-07,2018,Sunrisers Hyderabad,Royal Challengers Bangalore,Rajiv Gandhi International Stadium,13,3,UT Yadav,0,0,False,
1136599,2018-05-07,2018,Sunrisers Hyderabad,Royal Challengers Bangalore,Rajiv Gandhi International Stadium,13,4,UT Yadav,4,4,False,
1136599,2018-05-07,2018,Sunrisers Hyderabad,Royal Challengers Bangalore,Rajiv Gandhi International Stadium,13,5,UT Yadav,2,2,False,
1136599,2018-05-07,2018,Sunrisers Hyderabad,Royal Challengers Bangalore,Rajiv Gandhi International Stadium,13,6,UT Yadav,0,1,False,
1136599,2018-05-07,2018,Sunrisers Hyderabad,Royal Challengers Bangalore,Rajiv Gandhi International Stadium,13,7,UT Yadav,6,6,False,
1136599,2018-05-07,2018,Sunrisers Hyderabad,Royal Challengers Bangalore,Rajiv Gandhi International Stadium,14,2,YS Chahal,6,6,False,
1136599,2018-05-07,2018,Sunrisers Hyderabad,Royal Challengers Bangalore,Rajiv Gandhi International Stadium,14,3,YS Chahal,1,1,False,
1136599,2018-05-07,2018,Sunrisers Hyderabad,Royal Challengers Bangalore,Rajiv Gandhi International Stadium,14,5,YS Chahal,1,1,False,
1136599,2018-05-07,2018,Sunrisers Hyderabad,Royal Challengers Bangalore,Rajiv Gandhi International Stadium,15,3,UT Yadav,4,4,False,
1136599,2018-05-07,2018,Sunrisers Hyderabad,Royal Challengers Bangalore,Rajiv Gandhi International Stadium,15,4,UT Yadav,1,1,False,
1136599,2018-05-07,2018,Sunrisers Hyderabad,Royal Challengers Bangalore,Rajiv Gandhi International Stadium,15,6,UT Yadav,0,0,True,caught
1136602,2018-05-10,2018,Sunrisers Hyderabad,Delhi Daredevils,Arun Jaitley Stadium,1,6,HV Patel,1,1,False,
1136602,2018-05-10,2018,Sunrisers Hyderabad,Delhi Daredevils,Arun Jaitley Stadium,2,1,S Nadeem,0,0,False,
1136602,2018-05-10,2018,Sunrisers Hyderabad,Delhi Daredevils,Arun Jaitley Stadium,2,2,S Nadeem,1,1,False,
1136602,2018-05-10,2018,Sunrisers Hyderabad,Delhi Daredevils,Arun Jaitley Stadium,2,4,S Nadeem,0,0,False,
1136602,2018-05-10,2018,Sunrisers Hyderabad,Delhi Daredevils,Arun Jaitley Stadium,2,5,S Nadeem,1,1,False,
1136602,2018-05-10,2018,Sunrisers Hyderabad,Delhi Daredevils,Arun Jaitley Stadium,3,2,HV Patel,1,1,False,
1136602,2018-05-10,2018,Sunrisers Hyderabad,Delhi Daredevils,Arun Jaitley Stadium,3,5,HV Patel,0,0,False,
1136602,2018-05-10,2018,Sunrisers Hyderabad,Delhi Daredevils,Arun Jaitley Stadium,3,6,HV Patel,2,2,False,
1136602,2018-05-10,2018,Sunrisers Hyderabad,Delhi Daredevils,Arun Jaitley Stadium,4,2,LE Plunkett,0,0,False,
1136602,2018-05-10,2018,Sunrisers Hyderabad,Delhi Daredevils,Arun Jaitley Stadium,4,3,LE Plunkett,2,2,False,
1136602,2018-05-10,2018,Sunrisers Hyderabad,Delhi Daredevils,Arun Jaitley Stadium,4,4,LE Plunkett,1,1,False,
1136602,2018-05-10,2018,Sunrisers Hyderabad,Delhi Daredevils,Arun Jaitley Stadium,4,6,LE Plunkett,4,4,False,
1136602,2018-05-10,2018,Sunrisers Hyderabad,Delhi Daredevils,Arun Jaitley Stadium,5,4,TA Boult,1,1,False,
1136602,2018-05-10,2018,Sunrisers Hyderabad,Delhi Daredevils,Arun Jaitley Stadium,5,6,TA Boult,0,0,False,
1136602,2018-05-10,2018,Sunrisers Hyderabad,Delhi Daredevils,Arun Jaitley Stadium,6,2,A Mishra,0,0,False,
1136602,2018-05-10,2018,Sunrisers Hyderabad,Delhi Daredevils,Arun Jaitley Stadium,6,3,A Mishra,4,4,False,
1136602,2018-05-10,2018,Sunrisers Hyderabad,Delhi Daredevils,Arun Jaitley Stadium,6,4,A Mishra,1,1,False,
1136602,2018-05-10,2018,Sunrisers Hyderabad,Delhi Daredevils,Arun Jaitley Stadium,7,6,V Shankar,1,1,False,
1136602,2018-05-10,2018,Sunrisers Hyderabad,Delhi Daredevils,Arun Jaitley Stadium,8,2,A Mishra,0,0,False,
1136602,2018-05-10,2018,Sunrisers Hyderabad,Delhi Daredevils,Arun Jaitley Stadium,8,3,A Mishra,1,1,False,
1136602,2018-05-10,2018,Sunrisers Hyderabad,Delhi Daredevils,Arun Jaitley Stadium,8,5,A Mishra,1,1,False,
1136602,2018-05-10,2018,Sunrisers Hyderabad,Delhi Daredevils,Arun Jaitley Stadium,9,1,LE Plunkett,4,4,False,
1136602,2018-05-10,2018,Sunrisers Hyderabad,Delhi Daredevils,Arun Jaitley Stadium,9,2,LE Plunkett,4,4,False,
1136602,2018-05-10,2018,Sunrisers Hyderabad,Delhi Daredevils,Arun Jaitley Stadium,9,3,LE Plunkett,0,0,False,
1136602,2018-05-10,2018,Sunrisers Hyderabad,Delhi Daredevils,Arun Jaitley Stadium,9,4,LE Plunkett,1,1,False,
1136602,2018-05-10,2018,Sunrisers Hyderabad,Delhi Daredevils,Arun Jaitley Stadium,9,6,LE Plunkett,1,1,False,
1136602,2018-05-10,2018,Sunrisers Hyderabad,Delhi Daredevils,Arun Jaitley Stadium,10,1,A Mishra,1,1,False,
1136602,2018-05-10,2018,Sunrisers Hyderabad,Delhi Daredevils,Arun Jaitley Stadium,10,3,A Mishra,6,6,False,
1136602,2018-05-10,2018,Sunrisers Hyderabad,Delhi Daredevils,Arun Jaitley Stadium,10,4,A Mishra,1,1,False,
1136602,2018-05-10,2018,Sunrisers Hyderabad,Delhi Daredevils,Arun Jaitley Stadium,11,5,HV Patel,0,0,False,
1136602,2018-05-10,2018,Sunrisers Hyderabad,Delhi Daredevils,Arun Jaitley Stadium,11,6,HV Patel,2,2,False,
1136602,2018-05-10,2018,Sunrisers Hyderabad,Delhi Daredevils,Arun Jaitley Stadium,12,3,S Nadeem,2,2,False,
1136602,2018-05-10,2018,Sunrisers Hyderabad,Delhi Daredevils,Arun Jaitley Stadium,12,4,S Nadeem,2,2,False,
1136602,2018-05-10,2018,Sunrisers Hyderabad,Delhi Daredevils,Arun Jaitley Stadium,12,5,S Nadeem,1,1,False,
1136602,2018-05-10,2018,Sunrisers Hyderabad,Delhi Daredevils,Arun Jaitley Stadium,13,1,GJ Maxwell,1,1,False,
1136602,2018-05-10,2018,Sunrisers Hyderabad,Delhi Daredevils,Arun Jaitley Stadium,13,5,GJ Maxwell,0,0,False,
1136602,2018-05-10,2018,Sunrisers Hyderabad,Delhi Daredevils,Arun Jaitley Stadium,13,6,GJ Maxwell,1,1,False,
1136602,2018-05-10,2018,Sunrisers Hyderabad,Delhi Daredevils,Arun Jaitley Stadium,14,1,TA Boult,4,4,False,
1136602,2018-05-10,2018,Sunrisers Hyderabad,Delhi Daredevils,Arun Jaitley Stadium,14,2,TA Boult,2,2,False,
1136602,2018-05-10,2018,Sunrisers Hyderabad,Delhi Daredevils,Arun Jaitley Stadium,14,3,TA Boult,4,4,False,
1136602,2018-05-10,2018,Sunrisers Hyderabad,Delhi Daredevils,Arun Jaitley Stadium,14,4,TA Boult,1,1,False,
1136602,2018-05-10,2018,Sunrisers Hyderabad,Delhi Daredevils,Arun Jaitley Stadium,14,6,TA Boult,1,1,False,
1136602,2018-05-10,2018,Sunrisers Hyderabad,Delhi Daredevils,Arun Jaitley Stadium,15,1,LE Plunkett,1,1,False,
1136602,2018-05-10,2018,Sunrisers Hyderabad,Delhi Daredevils,Arun Jaitley Stadium,15,3,LE Plunkett,2,2,False,
1136602,2018-05-10,2018,Sunrisers Hyderabad,Delhi Daredevils,Arun Jaitley Stadium,15,4,LE Plunkett,6,6,False,
1136602,2018-05-10,2018,Sunrisers Hyderabad,Delhi Daredevils,Arun Jaitley Stadium,15,5,LE Plunkett,1,1,False,
1136602,2018-05-10,2018,Sunrisers Hyderabad,Delhi Daredevils,Arun Jaitley Stadium,16,5,HV Patel,0,0,False,
1136602,2018-05-10,2018,Sunrisers Hyderabad,Delhi Daredevils,Arun Jaitley Stadium,16,6,HV Patel,1,1,False,
1136602,2018-05-10,2018,Sunrisers Hyderabad,Delhi Daredevils,Arun Jaitley Stadium,17,1,LE Plunkett,1,1,False,
1136602,2018-05-10,2018,Sunrisers Hyderabad,Delhi Daredevils,Arun Jaitley Stadium,17,4,LE Plunkett,1,1,False,
1136602,2018-05-10,2018,Sunrisers Hyderabad,Delhi Daredevils,Arun Jaitley Stadium,17,6,LE Plunkett,4,4,False,
1136602,2018-05-10,2018,Sunrisers Hyderabad,Delhi Daredevils,Arun Jaitley Stadium,18,2,TA Boult,1,1,False,
1136602,2018-05-10,2018,Sunrisers Hyderabad,Delhi Daredevils,Arun Jaitley Stadium,18,5,TA Boult,4,4,False,
1136606,2018-05-13,2018,Sunrisers Hyderabad,Chennai Super Kings,Maharashtra Cricket Association Stadium,3,4,DL Chahar,0,0,False,
1136606,2018-05-13,2018,Sunrisers Hyderabad,Chennai Super Kings,Maharashtra Cricket Association Stadium,3,5,DL Chahar,0,0,False,
1136606,2018-05-13,2018,Sunrisers Hyderabad,Chennai Super Kings,Maharashtra Cricket Association Stadium,3,6,DL Chahar,0,0,False,
1136606,2018-05-13,2018,Sunrisers Hyderabad,Chennai Super Kings,Maharashtra Cricket Association Stadium,4,2,SN Thakur,4,4,False,
1136606,2018-05-13,2018,Sunrisers Hyderabad,Chennai Super Kings,Maharashtra Cricket Association Stadium,4,3,SN Thakur,0,0,False,
1136606,2018-05-13,2018,Sunrisers Hyderabad,Chennai Super Kings,Maharashtra Cricket Association Stadium,4,4,SN Thakur,0,0,False,
1136606,2018-05-13,2018,Sunrisers Hyderabad,Chennai Super Kings,Maharashtra Cricket Association Stadium,4,5,SN Thakur,0,0,False,
1136606,2018-05-13,2018,Sunrisers Hyderabad,Chennai Super Kings,Maharashtra Cricket Association Stadium,4,6,SN Thakur,1,1,False,
1136606,2018-05-13,2018,Sunrisers Hyderabad,Chennai Super Kings,Maharashtra Cricket Association Stadium,5,1,DL Chahar,0,0,False,
1136606,2018-05-13,2018,Sunrisers Hyderabad,Chennai Super Kings,Maharashtra Cricket Association Stadium,5,2,DL Chahar,0,1,False,
1136606,2018-05-13,2018,Sunrisers Hyderabad,Chennai Super Kings,Maharashtra Cricket Association Stadium,5,6,DL Chahar,1,1,False,
1136606,2018-05-13,2018,Sunrisers Hyderabad,Chennai Super Kings,Maharashtra Cricket Association Stadium,6,2,Harbhajan Singh,1,1,False,
1136606,2018-05-13,2018,Sunrisers Hyderabad,Chennai Super Kings,Maharashtra Cricket Association Stadium,6,6,Harbhajan Singh,1,1,False,
1136606,2018-05-13,2018,Sunrisers Hyderabad,Chennai Super Kings,Maharashtra Cricket Association Stadium,7,3,DL Chahar,1,1,False,
1136606,2018-05-13,2018,Sunrisers Hyderabad,Chennai Super Kings,Maharashtra Cricket Association Stadium,7,8,DL Chahar,1,1,False,
1136606,2018-05-13,2018,Sunrisers Hyderabad,Chennai Super Kings,Maharashtra Cricket Association Stadium,8,1,SR Watson,0,0,False,
1136606,2018-05-13,2018,Sunrisers Hyderabad,Chennai Super Kings,Maharashtra Cricket Association Stadium,8,2,SR Watson,0,0,False,
1136606,2018-05-13,2018,Sunrisers Hyderabad,Chennai Super Kings,Maharashtra Cricket Association Stadium,8,3,SR Watson,1,1,False,
1136606,2018-05-13,2018,Sunrisers Hyderabad,Chennai Super Kings,Maharashtra Cricket Association Stadium,8,5,SR Watson,0,0,False,
1136606,2018-05-13,2018,Sunrisers Hyderabad,Chennai Super Kings,Maharashtra Cricket Association Stadium,8,6,SR Watson,0,0,False,
1136606,2018-05-13,2018,Sunrisers Hyderabad,Chennai Super Kings,Maharashtra Cricket Association Stadium,9,3,DJ Bravo,4,4,False,
1136606,2018-05-13,2018,Sunrisers Hyderabad,Chennai Super Kings,Maharashtra Cricket Association Stadium,9,4,DJ Bravo,1,1,False,
1136606,2018-05-13,2018,Sunrisers Hyderabad,Chennai Super Kings,Maharashtra Cricket Association Stadium,10,1,RA Jadeja,1,1,False,
1136606,2018-05-13,2018,Sunrisers Hyderabad,Chennai Super Kings,Maharashtra Cricket Association Stadium,10,4,RA Jadeja,1,1,False,
1136606,2018-05-13,2018,Sunrisers Hyderabad,Chennai Super Kings,Maharashtra Cricket Association Stadium,11,1,SR Watson,4,4,False,
1136606,2018-05-13,2018,Sunrisers Hyderabad,Chennai Super Kings,Maharashtra Cricket Association Stadium,11,2,SR Watson,6,6,False,
1136606,2018-05-13,2018,Sunrisers Hyderabad,Chennai Super Kings,Maharashtra Cricket Association Stadium,11,3,SR Watson,1,1,False,
1136606,2018-05-13,2018,Sunrisers Hyderabad,Chennai Super Kings,Maharashtra Cricket Association Stadium,11,7,SR Watson,1,1,False,
1136606,2018-05-13,2018,Sunrisers Hyderabad,Chennai Super Kings,Maharashtra Cricket Association Stadium,12,1,RA Jadeja,1,1,False,
1136606,2018-05-13,2018,Sunrisers Hyderabad,Chennai Super Kings,Maharashtra Cricket Association Stadium,12,4,RA Jadeja,1,1,False,
1136606,2018-05-13,2018,Sunrisers Hyderabad,Chennai Super Kings,Maharashtra Cricket Association Stadium,13,1,Harbhajan Singh,6,6,False,
1136606,2018-05-13,2018,Sunrisers Hyderabad,Chennai Super Kings,Maharashtra Cricket Association Stadium,13,2,Harbhajan Singh,1,1,False,
1136606,2018-05-13,2018,Sunrisers Hyderabad,Chennai Super Kings,Maharashtra Cricket Association Stadium,13,4,Harbhajan Singh,1,1,False,
1136606,2018-05-13,2018,Sunrisers Hyderabad,Chennai Super Kings,Maharashtra Cricket Association Stadium,14,2,DJ Willey,4,4,False,
1136606,2018-05-13,2018,Sunrisers Hyderabad,Chennai Super Kings,Maharashtra Cricket Association Stadium,14,3,DJ Willey,1,1,False,
1136606,2018-05-13,2018,Sunrisers Hyderabad,Chennai Super Kings,Maharashtra Cricket Association Stadium,15,1,DJ Bravo,4,4,False,
1136606,2018-05-13,2018,Sunrisers Hyderabad,Chennai Super Kings,Maharashtra Cricket Association Stadium,15,2,DJ Bravo,1,1,False,
1136606,2018-05-13,2018,Sunrisers Hyderabad,Chennai Super Kings,Maharashtra Cricket Association Stadium,15,5,DJ Bravo,1,1,False,
1136606,2018-05-13,2018,Sunrisers Hyderabad,Chennai Super Kings,Maharashtra Cricket Association Stadium,16,1,SN Thakur,0,0,True,caught
1136611,2018-05-17,2018,Sunrisers Hyderabad,Royal Challengers Bangalore,M.Chinnaswamy Stadium,5,2,YS Chahal,0,0,False,
1136611,2018-05-17,2018,Sunrisers Hyderabad,Royal Challengers Bangalore,M.Chinnaswamy Stadium,5,3,YS Chahal,4,4,False,
1136611,2018-05-17,2018,Sunrisers Hyderabad,Royal Challengers Bangalore,M.Chinnaswamy Stadium,5,4,YS Chahal,1,1,False,
1136611,2018-05-17,2018,Sunrisers Hyderabad,Royal Challengers Bangalore,M.Chinnaswamy Stadium,6,1,UT Yadav,0,0,False,
1136611,2018-05-17,2018,Sunrisers Hyderabad,Royal Challengers Bangalore,M.Chinnaswamy Stadium,6,2,UT Yadav,0,0,False,
1136611,2018-05-17,2018,Sunrisers Hyderabad,Royal Challengers Bangalore,M.Chinnaswamy Stadium,6,3,UT Yadav,1,1,False,
1136611,2018-05-17,2018,Sunrisers Hyderabad,Royal Challengers Bangalore,M.Chinnaswamy Stadium,6,5,UT Yadav,1,1,False,
1136611,2018-05-17,2018,Sunrisers Hyderabad,Royal Challengers Bangalore,M.Chinnaswamy Stadium,7,2,MM Ali,1,1,False,
1136611,2018-05-17,2018,Sunrisers Hyderabad,Royal Challengers Bangalore,M.Chinnaswamy Stadium,7,5,MM Ali,1,1,False,
1136611,2018-05-17,2018,Sunrisers Hyderabad,Royal Challengers Bangalore,M.Chinnaswamy Stadium,8,4,TG Southee,4,4,False,
1136611,2018-05-17,2018,Sunrisers Hyderabad,Royal Challengers Bangalore,M.Chinnaswamy Stadium,8,5,TG Southee,4,4,False,
1136611,2018-05-17,2018,Sunrisers Hyderabad,Royal Challengers Bangalore,M.Chinnaswamy Stadium,8,6,TG Southee,1,1,False,
1136611,2018-05-17,2018,Sunrisers Hyderabad,Royal Challengers Bangalore,M.Chinnaswamy Stadium,9,1,MM Ali,4,4,False,
1136611,2018-05-17,2018,Sunrisers Hyderabad,Royal Challengers Bangalore,M.Chinnaswamy Stadium,9,2,MM Ali,4,4,False,
1136611,2018-05-17,2018,Sunrisers Hyderabad,Royal Challengers Bangalore,M.Chinnaswamy Stadium,9,3,MM Ali,6,6,False,
1136611,2018-05-17,2018,Sunrisers Hyderabad,Royal Challengers Bangalore,M.Chinnaswamy Stadium,9,4,MM Ali,1,1,False,
1136611,2018-05-17,2018,Sunrisers Hyderabad,Royal Challengers Bangalore,M.Chinnaswamy Stadium,9,6,MM Ali,1,1,False,
1136611,2018-05-17,2018,Sunrisers Hyderabad,Royal Challengers Bangalore,M.Chinnaswamy Stadium,10,1,YS Chahal,0,0,False,
1136611,2018-05-17,2018,Sunrisers Hyderabad,Royal Challengers Bangalore,M.Chinnaswamy Stadium,10,2,YS Chahal,2,2,False,
1136611,2018-05-17,2018,Sunrisers Hyderabad,Royal Challengers Bangalore,M.Chinnaswamy Stadium,10,3,YS Chahal,0,0,False,
1136611,2018-05-17,2018,Sunrisers Hyderabad,Royal Challengers Bangalore,M.Chinnaswamy Stadium,10,4,YS Chahal,1,1,False,
1136611,2018-05-17,2018,Sunrisers Hyderabad,Royal Challengers Bangalore,M.Chinnaswamy Stadium,11,1,Mohammed Siraj,0,0,False,
1136611,2018-05-17,2018,Sunrisers Hyderabad,Royal Challengers Bangalore,M.Chinnaswamy Stadium,11,2,Mohammed Siraj,0,0,False,
1136611,2018-05-17,2018,Sunrisers Hyderabad,Royal Challengers Bangalore,M.Chinnaswamy Stadium,11,3,Mohammed Siraj,6,6,False,
1136611,2018-05-17,2018,Sunrisers Hyderabad,Royal Challengers Bangalore,M.Chinnaswamy Stadium,11,4,Mohammed Siraj,4,4,False,
1136611,2018-05-17,2018,Sunrisers Hyderabad,Royal Challengers Bangalore,M.Chinnaswamy Stadium,11,5,Mohammed Siraj,1,1,False,
1136611,2018-05-17,2018,Sunrisers Hyderabad,Royal Challengers Bangalore,M.Chinnaswamy Stadium,12,1,C de Grandhomme,1,1,False,
1136611,2018-05-17,2018,Sunrisers Hyderabad,Royal Challengers Bangalore,M.Chinnaswamy Stadium,12,3,C de Grandhomme,2,2,False,
1136611,2018-05-17,2018,Sunrisers Hyderabad,Royal Challengers Bangalore,M.Chinnaswamy Stadium,12,4,C de Grandhomme,1,1,False,
1136611,2018-05-17,2018,Sunrisers Hyderabad,Royal Challengers Bangalore,M.Chinnaswamy Stadium,12,6,C de Grandhomme,6,6,False,
1136611,2018-05-17,2018,Sunrisers Hyderabad,Royal Challengers Bangalore,M.Chinnaswamy Stadium,13,3,UT Yadav,4,4,False,
1136611,2018-05-17,2018,Sunrisers Hyderabad,Royal Challengers Bangalore,M.Chinnaswamy Stadium,13,4,UT Yadav,1,1,False,
1136611,2018-05-17,2018,Sunrisers Hyderabad,Royal Challengers Bangalore,M.Chinnaswamy Stadium,13,6,UT Yadav,6,6,False,
1136611,2018-05-17,2018,Sunrisers Hyderabad,Royal Challengers Bangalore,M.Chinnaswamy Stadium,14,4,C de Grandhomme,6,6,False,
1136611,2018-05-17,2018,Sunrisers Hyderabad,Royal Challengers Bangalore,M.Chinnaswamy Stadium,14,5,C de Grandhomme,1,1,False,
1136611,2018-05-17,2018,Sunrisers Hyderabad,Royal Challengers Bangalore,M.Chinnaswamy Stadium,15,1,YS Chahal,1,1,False,
1136611,2018-05-17,2018,Sunrisers Hyderabad,Royal Challengers Bangalore,M.Chinnaswamy Stadium,15,6,YS Chahal,1,1,False,
1136611,2018-05-17,2018,Sunrisers Hyderabad,Royal Challengers Bangalore,M.Chinnaswamy Stadium,16,1,TG Southee,1,1,False,
1136611,2018-05-17,2018,Sunrisers Hyderabad,Royal Challengers Bangalore,M.Chinnaswamy Stadium,16,5,TG Southee,1,1,False,
1136611,2018-05-17,2018,Sunrisers Hyderabad,Royal Challengers Bangalore,M.Chinnaswamy Stadium,17,4,Mohammed Siraj,0,1,False,
1136611,2018-05-17,2018,Sunrisers Hyderabad,Royal Challengers Bangalore,M.Chinnaswamy Stadium,18,5,TG Southee,1,1,False,
1136611,2018-05-17,2018,Sunrisers Hyderabad,Royal Challengers Bangalore,M.Chinnaswamy Stadium,19,1,Mohammed Siraj,0,0,True,caught
1136614,2018-05-19,2018,Sunrisers Hyderabad,Kolkata Knight Riders,Rajiv Gandhi International Stadium,8,5,Kuldeep Yadav,4,4,False,
1136614,2018-05-19,2018,Sunrisers Hyderabad,Kolkata Knight Riders,Rajiv Gandhi International Stadium,8,6,Kuldeep Yadav,1,1,False,
1136614,2018-05-19,2018,Sunrisers Hyderabad,Kolkata Knight Riders,Rajiv Gandhi International Stadium,9,1,PP Chawla,1,1,False,
1136614,2018-05-19,2018,Sunrisers Hyderabad,Kolkata Knight Riders,Rajiv Gandhi International Stadium,9,4,PP Chawla,1,1,False,
1136614,2018-05-19,2018,Sunrisers Hyderabad,Kolkata Knight Riders,Rajiv Gandhi International Stadium,10,2,Kuldeep Yadav,1,1,False,
1136614,2018-05-19,2018,Sunrisers Hyderabad,Kolkata Knight Riders,Rajiv Gandhi International Stadium,10,4,Kuldeep Yadav,6,6,False,
1136614,2018-05-19,2018,Sunrisers Hyderabad,Kolkata Knight Riders,Rajiv Gandhi International Stadium,10,5,Kuldeep Yadav,2,2,False,
1136614,2018-05-19,2018,Sunrisers Hyderabad,Kolkata Knight Riders,Rajiv Gandhi International Stadium,10,6,Kuldeep Yadav,1,1,False,
1136614,2018-05-19,2018,Sunrisers Hyderabad,Kolkata Knight Riders,Rajiv Gandhi International Stadium,11,1,SP Narine,2,2,False,
1136614,2018-05-19,2018,Sunrisers Hyderabad,Kolkata Knight Riders,Rajiv Gandhi International Stadium,11,2,SP Narine,0,0,False,
1136614,2018-05-19,2018,Sunrisers Hyderabad,Kolkata Knight Riders,Rajiv Gandhi International Stadium,11,3,SP Narine,0,0,False,
1136614,2018-05-19,2018,Sunrisers Hyderabad,Kolkata Knight Riders,Rajiv Gandhi International Stadium,11,4,SP Narine,1,1,False,
1136614,2018-05-19,2018,Sunrisers Hyderabad,Kolkata Knight Riders,Rajiv Gandhi International Stadium,11,6,SP Narine,2,2,False,
1136614,2018-05-19,2018,Sunrisers Hyderabad,Kolkata Knight Riders,Rajiv Gandhi International Stadium,12,2,JPR Scantlebury-Searles,6,6,False,
1136614,2018-05-19,2018,Sunrisers Hyderabad,Kolkata Knight Riders,Rajiv Gandhi International Stadium,12,3,JPR Scantlebury-Searles,6,6,False,
1136614,2018-05-19,2018,Sunrisers Hyderabad,Kolkata Knight Riders,Rajiv Gandhi International Stadium,12,4,JPR Scantlebury-Searles,2,2,False,
1136614,2018-05-19,2018,Sunrisers Hyderabad,Kolkata Knight Riders,Rajiv Gandhi International Stadium,12,5,JPR Scantlebury-Searles,0,0,True,caught
1136617,2018-05-22,2018,Sunrisers Hyderabad,Chennai Super Kings,Wankhede Stadium,0,2,DL Chahar,0,0,False,
1136617,2018-05-22,2018,Sunrisers Hyderabad,Chennai Super Kings,Wankhede Stadium,0,3,DL Chahar,0,0,False,
1136617,2018-05-22,2018,Sunrisers Hyderabad,Chennai Super Kings,Wankhede Stadium,0,4,DL Chahar,4,4,False,
1136617,2018-05-22,2018,Sunrisers Hyderabad,Chennai Super Kings,Wankhede Stadium,0,5,DL Chahar,4,4,False,
1136617,2018-05-22,2018,Sunrisers Hyderabad,Chennai Super Kings,Wankhede Stadium,0,6,DL Chahar,4,4,False,
1136617,2018-05-22,2018,Sunrisers Hyderabad,Chennai Super Kings,Wankhede Stadium,1,2,L Ngidi,0,0,False,
1136617,2018-05-22,2018,Sunrisers Hyderabad,Chennai Super Kings,Wankhede Stadium,1,3,L Ngidi,0,0,False,
1136617,2018-05-22,2018,Sunrisers Hyderabad,Chennai Super Kings,Wankhede Stadium,1,4,L Ngidi,1,1,False,
1136617,2018-05-22,2018,Sunrisers Hyderabad,Chennai Super Kings,Wankhede Stadium,2,1,DL Chahar,1,1,False,
1136617,2018-05-22,2018,Sunrisers Hyderabad,Chennai Super Kings,Wankhede Stadium,2,3,DL Chahar,4,4,False,
1136617,2018-05-22,2018,Sunrisers Hyderabad,Chennai Super Kings,Wankhede Stadium,2,4,DL Chahar,3,3,False,
1136617,2018-05-22,2018,Sunrisers Hyderabad,Chennai Super Kings,Wankhede Stadium,2,6,DL Chahar,0,0,False,
1136617,2018-05-22,2018,Sunrisers Hyderabad,Chennai Super Kings,Wankhede Stadium,3,4,L Ngidi,1,1,False,
1136617,2018-05-22,2018,Sunrisers Hyderabad,Chennai Super Kings,Wankhede Stadium,4,1,SN Thakur,2,2,False,
1136617,2018-05-22,2018,Sunrisers Hyderabad,Chennai Super Kings,Wankhede Stadium,4,2,SN Thakur,0,0,True,caught
1136619,2018-05-25,2018,Sunrisers Hyderabad,Kolkata Knight Riders,Eden Gardens,7,2,Kuldeep Yadav,1,1,False,
1136619,2018-05-25,2018,Sunrisers Hyderabad,Kolkata Knight Riders,Eden Gardens,7,4,Kuldeep Yadav,2,2,False,
1136619,2018-05-25,2018,Sunrisers Hyderabad,Kolkata Knight Riders,Eden Gardens,7,5,Kuldeep Yadav,0,0,True,caught
1136620,2018-05-27,2018,Sunrisers Hyderabad,Chennai Super Kings,Wankhede Stadium,1,6,L Ngidi,1,1,False,
1136620,2018-05-27,2018,Sunrisers Hyderabad,Chennai Super Kings,Wankhede Stadium,2,1,DL Chahar,0,0,False,
1136620,2018-05-27,2018,Sunrisers Hyderabad,Chennai Super Kings,Wankhede Stadium,2,2,DL Chahar,1,1,False,
1136620,2018-05-27,2018,Sunrisers Hyderabad,Chennai Super Kings,Wankhede Stadium,2,5,DL Chahar,1,1,False,
1136620,2018-05-27,2018,Sunrisers Hyderabad,Chennai Super Kings,Wankhede Stadium,3,1,L Ngidi,0,0,False,
1136620,2018-05-27,2018,Sunrisers Hyderabad,Chennai Super Kings,Wankhede Stadium,3,2,L Ngidi,0,0,False,
1136620,2018-05-27,2018,Sunrisers Hyderabad,Chennai Super Kings,Wankhede Stadium,3,3,L Ngidi,0,0,False,
1136620,2018-05-27,2018,Sunrisers Hyderabad,Chennai Super Kings,Wankhede Stadium,3,4,L Ngidi,0,0,False,
1136620,2018-05-27,2018,Sunrisers Hyderabad,Chennai Super Kings,Wankhede Stadium,3,5,L Ngidi,0,0,False,
1136620,2018-05-27,2018,Sunrisers Hyderabad,Chennai Super Kings,Wankhede Stadium,3,6,L Ngidi,0,0,False,
1136620,2018-05-27,2018,Sunrisers Hyderabad,Chennai Super Kings,Wankhede Stadium,4,2,DL Chahar,6,6,False,
1136620,2018-05-27,2018,Sunrisers Hyderabad,Chennai Super Kings,Wankhede Stadium,4,3,DL Chahar,0,0,False,
1136620,2018-05-27,2018,Sunrisers Hyderabad,Chennai Super Kings,Wankhede Stadium,4,4,DL Chahar,4,4,False,
1136620,2018-05-27,2018,Sunrisers Hyderabad,Chennai Super Kings,Wankhede Stadium,4,5,DL Chahar,0,1,False,
1136620,2018-05-27,2018,Sunrisers Hyderabad,Chennai Super Kings,Wankhede Stadium,4,6,DL Chahar,0,0,False,
1136620,2018-05-27,2018,Sunrisers Hyderabad,Chennai Super Kings,Wankhede Stadium,4,7,DL Chahar,1,1,False,
1136620,2018-05-27,2018,Sunrisers Hyderabad,Chennai Super Kings,Wankhede Stadium,5,1,SN Thakur,0,1,False,
1136620,2018-05-27,2018,Sunrisers Hyderabad,Chennai Super Kings,Wankhede Stadium,5,2,SN Thakur,1,1,False,
1136620,2018-05-27,2018,Sunrisers Hyderabad,Chennai Super Kings,Wankhede Stadium,5,7,SN Thakur,1,1,False,
1136620,2018-05-27,2018,Sunrisers Hyderabad,Chennai Super Kings,Wankhede Stadium,6,1,KV Sharma,1,1,False,
1136620,2018-05-27,2018,Sunrisers Hyderabad,Chennai Super Kings,Wankhede Stadium,6,3,KV Sharma,1,1,False,
1136620,2018-05-27,2018,Sunrisers Hyderabad,Chennai Super Kings,Wankhede Stadium,7,5,DJ Bravo,4,4,False,
1136620,2018-05-27,2018,Sunrisers Hyderabad,Chennai Super Kings,Wankhede Stadium,7,6,DJ Bravo,6,6,False,
1136620,2018-05-27,2018,Sunrisers Hyderabad,Chennai Super Kings,Wankhede Stadium,8,2,RA Jadeja,1,1,False,
1136620,2018-05-27,2018,Sunrisers Hyderabad,Chennai Super Kings,Wankhede Stadium,8,6,RA Jadeja,1,1,False,
1136620,2018-05-27,2018,Sunrisers Hyderabad,Chennai Super Kings,Wankhede Stadium,9,1,DL Chahar,0,0,False,
1136620,2018-05-27,2018,Sunrisers Hyderabad,Chennai Super Kings,Wankhede Stadium,9,2,DL Chahar,1,1,False,
1136620,2018-05-27,2018,Sunrisers Hyderabad,Chennai Super Kings,Wankhede Stadium,9,5,DL Chahar,0,0,False,
1136620,2018-05-27,2018,Sunrisers Hyderabad,Chennai Super Kings,Wankhede Stadium,9,6,DL Chahar,1,1,False,
1136620,2018-05-27,2018,Sunrisers Hyderabad,Chennai Super Kings,Wankhede Stadium,10,1,RA Jadeja,1,1,False,
1136620,2018-05-27,2018,Sunrisers Hyderabad,Chennai Super Kings,Wankhede Stadium,10,3,RA Jadeja,4,4,False,
1136620,2018-05-27,2018,Sunrisers Hyderabad,Chennai Super Kings,Wankhede Stadium,10,4,RA Jadeja,0,1,False,
1136620,2018-05-27,2018,Sunrisers Hyderabad,Chennai Super Kings,Wankhede Stadium,11,1,DJ Bravo,0,0,False,
1136620,2018-05-27,2018,Sunrisers Hyderabad,Chennai Super Kings,Wankhede Stadium,11,2,DJ Bravo,4,4,False,
1136620,2018-05-27,2018,Sunrisers Hyderabad,Chennai Super Kings,Wankhede Stadium,11,3,DJ Bravo,4,4,False,
1136620,2018-05-27,2018,Sunrisers Hyderabad,Chennai Super Kings,Wankhede Stadium,11,4,DJ Bravo,1,1,False,
1136620,2018-05-27,2018,Sunrisers Hyderabad,Chennai Super Kings,Wankhede Stadium,11,6,DJ Bravo,1,1,False,
1136620,2018-05-27,2018,Sunrisers Hyderabad,Chennai Super Kings,Wankhede Stadium,12,1,KV Sharma,0,0,True,stumped
1175363,2019-03-29,2019,Sunrisers Hyderabad,Rajasthan Royals,Rajiv Gandhi International Stadium,10,3,S Gopal,1,1,False,
1175363,2019-03-29,2019,Sunrisers Hyderabad,Rajasthan Royals,Rajiv Gandhi International Stadium,11,1,BA Stokes,4,4,False,
1175363,2019-03-29,2019,Sunrisers Hyderabad,Rajasthan Royals,Rajiv Gandhi International Stadium,11,2,BA Stokes,1,1,False,
1175363,2019-03-29,2019,Sunrisers Hyderabad,Rajasthan Royals,Rajiv Gandhi International Stadium,11,6,BA Stokes,1,1,False,
1175363,2019-03-29,2019,Sunrisers Hyderabad,Rajasthan Royals,Rajiv Gandhi International Stadium,12,1,JD Unadkat,1,1,False,
1175363,2019-03-29,2019,Sunrisers Hyderabad,Rajasthan Royals,Rajiv Gandhi International Stadium,12,4,JD Unadkat,1,1,False,
1175363,2019-03-29,2019,Sunrisers Hyderabad,Rajasthan Royals,Rajiv Gandhi International Stadium,12,6,JD Unadkat,0,0,False,
1175363,2019-03-29,2019,Sunrisers Hyderabad,Rajasthan Royals,Rajiv Gandhi International Stadium,13,3,DS Kulkarni,1,1,False,
1175363,2019-03-29,2019,Sunrisers Hyderabad,Rajasthan Royals,Rajiv Gandhi International Stadium,14,3,JD Unadkat,4,4,False,
1175363,2019-03-29,2019,Sunrisers Hyderabad,Rajasthan Royals,Rajiv Gandhi International Stadium,14,4,JD Unadkat,0,0,True,caught
1178405,2019-04-14,2019,Sunrisers Hyderabad,Delhi Capitals,Rajiv Gandhi International Stadium,9,7,KMA Paul,1,1,False,
1178405,2019-04-14,2019,Sunrisers Hyderabad,Delhi Capitals,Rajiv Gandhi International Stadium,10,1,A Mishra,0,0,False,
1178405,2019-04-14,2019,Sunrisers Hyderabad,Delhi Capitals,Rajiv Gandhi International Stadium,10,2,A Mishra,1,1,False,
1178405,2019-04-14,2019,Sunrisers Hyderabad,Delhi Capitals,Rajiv Gandhi International Stadium,10,4,A Mishra,1,1,False,
1178405,2019-04-14,2019,Sunrisers Hyderabad,Delhi Capitals,Rajiv Gandhi International Stadium,10,6,A Mishra,0,0,False,
1178405,2019-04-14,2019,Sunrisers Hyderabad,Delhi Capitals,Rajiv Gandhi International Stadium,11,2,KMA Paul,0,0,False,
1178405,2019-04-14,2019,Sunrisers Hyderabad,Delhi Capitals,Rajiv Gandhi International Stadium,11,3,KMA Paul,0,0,False,
1178405,2019-04-14,2019,Sunrisers Hyderabad,Delhi Capitals,Rajiv Gandhi International Stadium,11,4,KMA Paul,0,0,True,caught
1178408,2019-04-17,2019,Sunrisers Hyderabad,Chennai Super Kings,Rajiv Gandhi International Stadium,5,5,DL Chahar,2,2,False,
1178408,2019-04-17,2019,Sunrisers Hyderabad,Chennai Super Kings,Rajiv Gandhi International Stadium,5,6,DL Chahar,0,0,False,
1178408,2019-04-17,2019,Sunrisers Hyderabad,Chennai Super Kings,Rajiv Gandhi International Stadium,6,3,Imran Tahir,0,0,False,
1178408,2019-04-17,2019,Sunrisers Hyderabad,Chennai Super Kings,Rajiv Gandhi International Stadium,6,4,Imran Tahir,1,1,False,
1178408,2019-04-17,2019,Sunrisers Hyderabad,Chennai Super Kings,Rajiv Gandhi International Stadium,6,6,Imran Tahir,0,0,True,caught and bowled
1178413,2019-04-21,2019,Sunrisers Hyderabad,Kolkata Knight Riders,Rajiv Gandhi International Stadium,12,3,Y Prithvi Raj,0,0,False,
1178413,2019-04-21,2019,Sunrisers Hyderabad,Kolkata Knight Riders,Rajiv Gandhi International Stadium,12,4,Y Prithvi Raj,2,2,False,
1178413,2019-04-21,2019,Sunrisers Hyderabad,Kolkata Knight Riders,Rajiv Gandhi International Stadium,12,5,Y Prithvi Raj,0,1,False,
1178413,2019-04-21,2019,Sunrisers Hyderabad,Kolkata Knight Riders,Rajiv Gandhi International Stadium,12,6,Y Prithvi Raj,3,3,False,
1178413,2019-04-21,2019,Sunrisers Hyderabad,Kolkata Knight Riders,Rajiv Gandhi International Stadium,13,2,SP Narine,0,0,False,
1178413,2019-04-21,2019,Sunrisers Hyderabad,Kolkata Knight Riders,Rajiv Gandhi International Stadium,13,3,SP Narine,0,0,False,
1178413,2019-04-21,2019,Sunrisers Hyderabad,Kolkata Knight Riders,Rajiv Gandhi International Stadium,13,4,SP Narine,1,1,False,
1178413,2019-04-21,2019,Sunrisers Hyderabad,Kolkata Knight Riders,Rajiv Gandhi International Stadium,13,6,SP Narine,1,1,False,
1178413,2019-04-21,2019,Sunrisers Hyderabad,Kolkata Knight Riders,Rajiv Gandhi International Stadium,14,1,PP Chawla,0,0,False,
1178413,2019-04-21,2019,Sunrisers Hyderabad,Kolkata Knight Riders,Rajiv Gandhi International Stadium,14,2,PP Chawla,1,1,False,
1178420,2019-04-27,2019,Sunrisers Hyderabad,Rajasthan Royals,Sawai Mansingh Stadium,0,2,VR Aaron,0,0,False,
1178420,2019-04-27,2019,Sunrisers Hyderabad,Rajasthan Royals,Sawai Mansingh Stadium,0,3,VR Aaron,0,0,False,
1178420,2019-04-27,2019,Sunrisers Hyderabad,Rajasthan Royals,Sawai Mansingh Stadium,0,4,VR Aaron,1,1,False,
1178420,2019-04-27,2019,Sunrisers Hyderabad,Rajasthan Royals,Sawai Mansingh Stadium,1,2,O Thomas,4,4,False,
1178420,2019-04-27,2019,Sunrisers Hyderabad,Rajasthan Royals,Sawai Mansingh Stadium,1,3,O Thomas,0,0,False,
1178420,2019-04-27,2019,Sunrisers Hyderabad,Rajasthan Royals,Sawai Mansingh Stadium,1,4,O Thomas,1,1,False,
1178420,2019-04-27,2019,Sunrisers Hyderabad,Rajasthan Royals,Sawai Mansingh Stadium,2,1,VR Aaron,0,0,False,
1178420,2019-04-27,2019,Sunrisers Hyderabad,Rajasthan Royals,Sawai Mansingh Stadium,2,2,VR Aaron,0,0,False,
1178420,2019-04-27,2019,Sunrisers Hyderabad,Rajasthan Royals,Sawai Mansingh Stadium,2,3,VR Aaron,2,2,False,
1178420,2019-04-27,2019,Sunrisers Hyderabad,Rajasthan Royals,Sawai Mansingh Stadium,2,4,VR Aaron,4,4,False,
1178420,2019-04-27,2019,Sunrisers Hyderabad,Rajasthan Royals,Sawai Mansingh Stadium,2,5,VR Aaron,1,1,False,
1178420,2019-04-27,2019,Sunrisers Hyderabad,Rajasthan Royals,Sawai Mansingh Stadium,3,3,S Gopal,0,0,False,
1178420,2019-04-27,2019,Sunrisers Hyderabad,Rajasthan Royals,Sawai Mansingh Stadium,3,4,S Gopal,0,0,False,
1178420,2019-04-27,2019,Sunrisers Hyderabad,Rajasthan Royals,Sawai Mansingh Stadium,3,5,S Gopal,0,0,True,bowled
1178423,2019-04-29,2019,Sunrisers Hyderabad,Kings XI Punjab,Rajiv Gandhi International Stadium,16,2,Mohammed Shami,1,1,False,
1178423,2019-04-29,2019,Sunrisers Hyderabad,Kings XI Punjab,Rajiv Gandhi International Stadium,16,4,Mohammed Shami,1,1,False,
1178423,2019-04-29,2019,Sunrisers Hyderabad,Kings XI Punjab,Rajiv Gandhi International Stadium,16,6,Mohammed Shami,1,1,False,
1178423,2019-04-29,2019,Sunrisers Hyderabad,Kings XI Punjab,Rajiv Gandhi International Stadium,17,1,Mujeeb Ur Rahman,4,4,False,
1178423,2019-04-29,2019,Sunrisers Hyderabad,Kings XI Punjab,Rajiv Gandhi International Stadium,17,2,Mujeeb Ur Rahman,6,6,False,
1178423,2019-04-29,2019,Sunrisers Hyderabad,Kings XI Punjab,Rajiv Gandhi International Stadium,17,3,Mujeeb Ur Rahman,1,1,False,
1178423,2019-04-29,2019,Sunrisers Hyderabad,Kings XI Punjab,Rajiv Gandhi International Stadium,18,3,Mohammed Shami,0,0,True,caught
1178426,2019-05-02,2019,Sunrisers Hyderabad,Mumbai Indians,Wankhede Stadium,5,2,JJ Bumrah,2,2,False,
1178426,2019-05-02,2019,Sunrisers Hyderabad,Mumbai Indians,Wankhede Stadium,5,3,JJ Bumrah,0,0,False,
1178426,2019-05-02,2019,Sunrisers Hyderabad,Mumbai Indians,Wankhede Stadium,5,4,JJ Bumrah,0,0,False,
1178426,2019-05-02,2019,Sunrisers Hyderabad,Mumbai Indians,Wankhede Stadium,5,5,JJ Bumrah,0,0,False,
1178426,2019-05-02,2019,Sunrisers Hyderabad,Mumbai Indians,Wankhede Stadium,5,6,JJ Bumrah,0,0,False,
1178426,2019-05-02,2019,Sunrisers Hyderabad,Mumbai Indians,Wankhede Stadium,6,6,RD Chahar,1,1,False,
1178426,2019-05-02,2019,Sunrisers Hyderabad,Mumbai Indians,Wankhede Stadium,7,1,KH Pandya,0,0,True,lbw
1178429,2019-05-04,2019,Sunrisers Hyderabad,Royal Challengers Bangalore,M.Chinnaswamy Stadium,7,3,Washington Sundar,1,1,False,
1178429,2019-05-04,2019,Sunrisers Hyderabad,Royal Challengers Bangalore,M.Chinnaswamy Stadium,7,6,Washington Sundar,0,0,False,
1178429,2019-05-04,2019,Sunrisers Hyderabad,Royal Challengers Bangalore,M.Chinnaswamy Stadium,8,6,K Khejroliya,1,1,False,
1178429,2019-05-04,2019,Sunrisers Hyderabad,Royal Challengers Bangalore,M.Chinnaswamy Stadium,9,1,Washington Sundar,0,0,False,
1178429,2019-05-04,2019,Sunrisers Hyderabad,Royal Challengers Bangalore,M.Chinnaswamy Stadium,9,2,Washington Sundar,0,0,False,
1178429,2019-05-04,2019,Sunrisers Hyderabad,Royal Challengers Bangalore,M.Chinnaswamy Stadium,9,3,Washington Sundar,1,1,False,
1178429,2019-05-04,2019,Sunrisers Hyderabad,Royal Challengers Bangalore,M.Chinnaswamy Stadium,9,5,Washington Sundar,2,2,False,
1178429,2019-05-04,2019,Sunrisers Hyderabad,Royal Challengers Bangalore,M.Chinnaswamy Stadium,9,6,Washington Sundar,4,4,False,
1178429,2019-05-04,2019,Sunrisers Hyderabad,Royal Challengers Bangalore,M.Chinnaswamy Stadium,10,2,UT Yadav,1,1,False,
1178429,2019-05-04,2019,Sunrisers Hyderabad,Royal Challengers Bangalore,M.Chinnaswamy Stadium,10,4,UT Yadav,4,4,False,
1178429,2019-05-04,2019,Sunrisers Hyderabad,Royal Challengers Bangalore,M.Chinnaswamy Stadium,10,5,UT Yadav,1,1,False,
1178429,2019-05-04,2019,Sunrisers Hyderabad,Royal Challengers Bangalore,M.Chinnaswamy Stadium,11,1,YS Chahal,0,0,False,
1178429,2019-05-04,2019,Sunrisers Hyderabad,Royal Challengers Bangalore,M.Chinnaswamy Stadium,11,2,YS Chahal,1,1,False,
1178429,2019-05-04,2019,Sunrisers Hyderabad,Royal Challengers Bangalore,M.Chinnaswamy Stadium,11,4,YS Chahal,0,0,False,
1178429,2019-05-04,2019,Sunrisers Hyderabad,Royal Challengers Bangalore,M.Chinnaswamy Stadium,11,5,YS Chahal,0,0,False,
1178429,2019-05-04,2019,Sunrisers Hyderabad,Royal Challengers Bangalore,M.Chinnaswamy Stadium,11,6,YS Chahal,0,0,False,
1178429,2019-05-04,2019,Sunrisers Hyderabad,Royal Challengers Bangalore,M.Chinnaswamy Stadium,12,4,C de Grandhomme,1,1,False,
1178429,2019-05-04,2019,Sunrisers Hyderabad,Royal Challengers Bangalore,M.Chinnaswamy Stadium,12,6,C de Grandhomme,1,1,False,
1178429,2019-05-04,2019,Sunrisers Hyderabad,Royal Challengers Bangalore,M.Chinnaswamy Stadium,13,1,Washington Sundar,1,1,False,
1178429,2019-05-04,2019,Sunrisers Hyderabad,Royal Challengers Bangalore,M.Chinnaswamy Stadium,13,6,Washington Sundar,1,1,False,
1178429,2019-05-04,2019,Sunrisers Hyderabad,Royal Challengers Bangalore,M.Chinnaswamy Stadium,14,1,K Khejroliya,0,0,False,
1178429,2019-05-04,2019,Sunrisers Hyderabad,Royal Challengers Bangalore,M.Chinnaswamy Stadium,14,2,K Khejroliya,0,0,False,
1178429,2019-05-04,2019,Sunrisers Hyderabad,Royal Challengers Bangalore,M.Chinnaswamy Stadium,14,3,K Khejroliya,6,6,False,
1178429,2019-05-04,2019,Sunrisers Hyderabad,Royal Challengers Bangalore,M.Chinnaswamy Stadium,14,4,K Khejroliya,1,1,False,
1178429,2019-05-04,2019,Sunrisers Hyderabad,Royal Challengers Bangalore,M.Chinnaswamy Stadium,14,7,K Khejroliya,6,6,False,
1178429,2019-05-04,2019,Sunrisers Hyderabad,Royal Challengers Bangalore,M.Chinnaswamy Stadium,15,2,YS Chahal,0,1,False,
1178429,2019-05-04,2019,Sunrisers Hyderabad,Royal Challengers Bangalore,M.Chinnaswamy Stadium,15,3,YS Chahal,1,1,False,
1178429,2019-05-04,2019,Sunrisers Hyderabad,Royal Challengers Bangalore,M.Chinnaswamy Stadium,15,5,YS Chahal,1,1,False,
1178429,2019-05-04,2019,Sunrisers Hyderabad,Royal Challengers Bangalore,M.Chinnaswamy Stadium,15,7,YS Chahal,1,1,False,
1178429,2019-05-04,2019,Sunrisers Hyderabad,Royal Challengers Bangalore,M.Chinnaswamy Stadium,16,1,Navdeep Saini,4,4,False,
1178429,2019-05-04,2019,Sunrisers Hyderabad,Royal Challengers Bangalore,M.Chinnaswamy Stadium,16,2,Navdeep Saini,0,0,False,
1178429,2019-05-04,2019,Sunrisers Hyderabad,Royal Challengers Bangalore,M.Chinnaswamy Stadium,16,3,Navdeep Saini,1,1,False,
1178429,2019-05-04,2019,Sunrisers Hyderabad,Royal Challengers Bangalore,M.Chinnaswamy Stadium,17,2,K Khejroliya,1,1,False,
1178429,2019-05-04,2019,Sunrisers Hyderabad,Royal Challengers Bangalore,M.Chinnaswamy Stadium,17,4,K Khejroliya,1,1,False,
1178429,2019-05-04,2019,Sunrisers Hyderabad,Royal Challengers Bangalore,M.Chinnaswamy Stadium,17,6,K Khejroliya,1,1,False,
1178429,2019-05-04,2019,Sunrisers Hyderabad,Royal Challengers Bangalore,M.Chinnaswamy Stadium,18,1,Navdeep Saini,1,1,False,
1178429,2019-05-04,2019,Sunrisers Hyderabad,Royal Challengers Bangalore,M.Chinnaswamy Stadium,18,3,Navdeep Saini,1,1,False,
1178429,2019-05-04,2019,Sunrisers Hyderabad,Royal Challengers Bangalore,M.Chinnaswamy Stadium,18,6,Navdeep Saini,1,1,False,
1178429,2019-05-04,2019,Sunrisers Hyderabad,Royal Challengers Bangalore,M.Chinnaswamy Stadium,19,1,UT Yadav,6,6,False,
1178429,2019-05-04,2019,Sunrisers Hyderabad,Royal Challengers Bangalore,M.Chinnaswamy Stadium,19,2,UT Yadav,4,4,False,
1178429,2019-05-04,2019,Sunrisers Hyderabad,Royal Challengers Bangalore,M.Chinnaswamy Stadium,19,3,UT Yadav,6,6,False,
1178429,2019-05-04,2019,Sunrisers Hyderabad,Royal Challengers Bangalore,M.Chinnaswamy Stadium,19,4,UT Yadav,4,4,False,
1178429,2019-05-04,2019,Sunrisers Hyderabad,Royal Challengers Bangalore,M.Chinnaswamy Stadium,19,5,UT Yadav,2,3,False,
1178429,2019-05-04,2019,Sunrisers Hyderabad,Royal Challengers Bangalore,M.Chinnaswamy Stadium,19,6,UT Yadav,1,1,False,
1181766,2019-05-08,2019,Sunrisers Hyderabad,Delhi Capitals,Dr. Y.S. Rajasekhara Reddy ACA-VDCA Cricket Stadium,6,6,A Mishra,1,1,False,
1181766,2019-05-08,2019,Sunrisers Hyderabad,Delhi Capitals,Dr. Y.S. Rajasekhara Reddy ACA-VDCA Cricket Stadium,7,1,KMA Paul,1,1,False,
1181766,2019-05-08,2019,Sunrisers Hyderabad,Delhi Capitals,Dr. Y.S. Rajasekhara Reddy ACA-VDCA Cricket Stadium,7,5,KMA Paul,0,0,False,
1181766,2019-05-08,2019,Sunrisers Hyderabad,Delhi Capitals,Dr. Y.S. Rajasekhara Reddy ACA-VDCA Cricket Stadium,7,6,KMA Paul,1,1,False,
1181766,2019-05-08,2019,Sunrisers Hyderabad,Delhi Capitals,Dr. Y.S. Rajasekhara Reddy ACA-VDCA Cricket Stadium,7,8,KMA Paul,0,1,False,
1181766,2019-05-08,2019,Sunrisers Hyderabad,Delhi Capitals,Dr. Y.S. Rajasekhara Reddy ACA-VDCA Cricket Stadium,7,9,KMA Paul,0,0,False,
1181766,2019-05-08,2019,Sunrisers Hyderabad,Delhi Capitals,Dr. Y.S. Rajasekhara Reddy ACA-VDCA Cricket Stadium,9,1,AR Patel,1,1,False,
1181766,2019-05-08,2019,Sunrisers Hyderabad,Delhi Capitals,Dr. Y.S. Rajasekhara Reddy ACA-VDCA Cricket Stadium,9,4,AR Patel,0,0,False,
1181766,2019-05-08,2019,Sunrisers Hyderabad,Delhi Capitals,Dr. Y.S. Rajasekhara Reddy ACA-VDCA Cricket Stadium,9,5,AR Patel,1,1,False,
1181766,2019-05-08,2019,Sunrisers Hyderabad,Delhi Capitals,Dr. Y.S. Rajasekhara Reddy ACA-VDCA Cricket Stadium,10,2,A Mishra,0,0,False,
1181766,2019-05-08,2019,Sunrisers Hyderabad,Delhi Capitals,Dr. Y.S. Rajasekhara Reddy ACA-VDCA Cricket Stadium,10,3,A Mishra,0,0,False,
1181766,2019-05-08,2019,Sunrisers Hyderabad,Delhi Capitals,Dr. Y.S. Rajasekhara Reddy ACA-VDCA Cricket Stadium,10,4,A Mishra,1,1,False,
1181766,2019-05-08,2019,Sunrisers Hyderabad,Delhi Capitals,Dr. Y.S. Rajasekhara Reddy ACA-VDCA Cricket Stadium,11,1,AR Patel,1,1,False,
1181766,2019-05-08,2019,Sunrisers Hyderabad,Delhi Capitals,Dr. Y.S. Rajasekhara Reddy ACA-VDCA Cricket Stadium,11,6,AR Patel,1,1,False,
1181766,2019-05-08,2019,Sunrisers Hyderabad,Delhi Capitals,Dr. Y.S. Rajasekhara Reddy ACA-VDCA Cricket Stadium,12,1,A Mishra,1,1,False,
1181766,2019-05-08,2019,Sunrisers Hyderabad,Delhi Capitals,Dr. Y.S. Rajasekhara Reddy ACA-VDCA Cricket Stadium,12,3,A Mishra,1,1,False,
1181766,2019-05-08,2019,Sunrisers Hyderabad,Delhi Capitals,Dr. Y.S. Rajasekhara Reddy ACA-VDCA Cricket Stadium,12,5,A Mishra,1,1,False,
1181766,2019-05-08,2019,Sunrisers Hyderabad,Delhi Capitals,Dr. Y.S. Rajasekhara Reddy ACA-VDCA Cricket Stadium,13,2,KMA Paul,1,1,False,
1181766,2019-05-08,2019,Sunrisers Hyderabad,Delhi Capitals,Dr. Y.S. Rajasekhara Reddy ACA-VDCA Cricket Stadium,13,4,KMA Paul,1,1,False,
1181766,2019-05-08,2019,Sunrisers Hyderabad,Delhi Capitals,Dr. Y.S. Rajasekhara Reddy ACA-VDCA Cricket Stadium,13,6,KMA Paul,1,1,False,
1181766,2019-05-08,2019,Sunrisers Hyderabad,Delhi Capitals,Dr. Y.S. Rajasekhara Reddy ACA-VDCA Cricket Stadium,14,1,SE Rutherford,1,1,False,
1181766,2019-05-08,2019,Sunrisers Hyderabad,Delhi Capitals,Dr. Y.S. Rajasekhara Reddy ACA-VDCA Cricket Stadium,14,3,SE Rutherford,0,1,False,
1181766,2019-05-08,2019,Sunrisers Hyderabad,Delhi Capitals,Dr. Y.S. Rajasekhara Reddy ACA-VDCA Cricket Stadium,14,4,SE Rutherford,4,4,False,
1181766,2019-05-08,2019,Sunrisers Hyderabad,Delhi Capitals,Dr. Y.S. Rajasekhara Reddy ACA-VDCA Cricket Stadium,14,5,SE Rutherford,2,2,False,
1181766,2019-05-08,2019,Sunrisers Hyderabad,Delhi Capitals,Dr. Y.S. Rajasekhara Reddy ACA-VDCA Cricket Stadium,14,6,SE Rutherford,0,0,False,
1181766,2019-05-08,2019,Sunrisers Hyderabad,Delhi Capitals,Dr. Y.S. Rajasekhara Reddy ACA-VDCA Cricket Stadium,14,7,SE Rutherford,2,2,False,
1181766,2019-05-08,2019,Sunrisers Hyderabad,Delhi Capitals,Dr. Y.S. Rajasekhara Reddy ACA-VDCA Cricket Stadium,15,2,I Sharma,1,1,False,
1181766,2019-05-08,2019,Sunrisers Hyderabad,Delhi Capitals,Dr. Y.S. Rajasekhara Reddy ACA-VDCA Cricket Stadium,15,4,I Sharma,4,4,False,
1181766,2019-05-08,2019,Sunrisers Hyderabad,Delhi Capitals,Dr. Y.S. Rajasekhara Reddy ACA-VDCA Cricket Stadium,15,5,I Sharma,0,0,True,bowled
1216502,2020-10-31,2020/21,Sunrisers Hyderabad,Royal Challengers Bangalore,Sharjah Cricket Stadium,7,1,I Udana,1,1,False,
1216502,2020-10-31,2020/21,Sunrisers Hyderabad,Royal Challengers Bangalore,Sharjah Cricket Stadium,7,4,I Udana,0,0,False,
1216502,2020-10-31,2020/21,Sunrisers Hyderabad,Royal Challengers Bangalore,Sharjah Cricket Stadium,7,5,I Udana,0,0,False,
1216502,2020-10-31,2020/21,Sunrisers Hyderabad,Royal Challengers Bangalore,Sharjah Cricket Stadium,7,6,I Udana,0,0,False,
1216502,2020-10-31,2020/21,Sunrisers Hyderabad,Royal Challengers Bangalore,Sharjah Cricket Stadium,8,3,YS Chahal,1,1,False,
1216502,2020-10-31,2020/21,Sunrisers Hyderabad,Royal Challengers Bangalore,Sharjah Cricket Stadium,9,3,I Udana,1,1,False,
1216502,2020-10-31,2020/21,Sunrisers Hyderabad,Royal Challengers Bangalore,Sharjah Cricket Stadium,9,5,I Udana,0,0,False,
1216502,2020-10-31,2020/21,Sunrisers Hyderabad,Royal Challengers Bangalore,Sharjah Cricket Stadium,9,6,I Udana,0,0,False,
1216502,2020-10-31,2020/21,Sunrisers Hyderabad,Royal Challengers Bangalore,Sharjah Cricket Stadium,10,3,YS Chahal,1,1,False,
1216502,2020-10-31,2020/21,Sunrisers Hyderabad,Royal Challengers Bangalore,Sharjah Cricket Stadium,10,5,YS Chahal,1,1,False,
1216502,2020-10-31,2020/21,Sunrisers Hyderabad,Royal Challengers Bangalore,Sharjah Cricket Stadium,11,1,Washington Sundar,1,1,False,
1216502,2020-10-31,2020/21,Sunrisers Hyderabad,Royal Challengers Bangalore,Sharjah Cricket Stadium,11,3,Washington Sundar,1,1,False,
1216502,2020-10-31,2020/21,Sunrisers Hyderabad,Royal Challengers Bangalore,Sharjah Cricket Stadium,11,5,Washington Sundar,1,1,False,
1216502,2020-10-31,2020/21,Sunrisers Hyderabad,Royal Challengers Bangalore,Sharjah Cricket Stadium,12,1,I Udana,0,0,True,caught
1216507,2020-10-11,2020/21,Sunrisers Hyderabad,Rajasthan Royals,Dubai International Cricket Stadium,14,5,JC Archer,0,0,False,
1216507,2020-10-11,2020/21,Sunrisers Hyderabad,Rajasthan Royals,Dubai International Cricket Stadium,14,6,JC Archer,0,0,False,
1216507,2020-10-11,2020/21,Sunrisers Hyderabad,Rajasthan Royals,Dubai International Cricket Stadium,16,2,Kartik Tyagi,1,1,False,
1216507,2020-10-11,2020/21,Sunrisers Hyderabad,Rajasthan Royals,Dubai International Cricket Stadium,16,5,Kartik Tyagi,1,1,False,
1216507,2020-10-11,2020/21,Sunrisers Hyderabad,Rajasthan Royals,Dubai International Cricket Stadium,17,1,JD Unadkat,1,1,False,
1216507,2020-10-11,2020/21,Sunrisers Hyderabad,Rajasthan Royals,Dubai International Cricket Stadium,17,5,JD Unadkat,1,1,False,
1216507,2020-10-11,2020/21,Sunrisers Hyderabad,Rajasthan Royals,Dubai International Cricket Stadium,18,1,JC Archer,6,6,False,
1216507,2020-10-11,2020/21,Sunrisers Hyderabad,Rajasthan Royals,Dubai International Cricket Stadium,18,2,JC Archer,1,2,False,
1216507,2020-10-11,2020/21,Sunrisers Hyderabad,Rajasthan Royals,Dubai International Cricket Stadium,18,6,JC Archer,2,2,False,
1216507,2020-10-11,2020/21,Sunrisers Hyderabad,Rajasthan Royals,Dubai International Cricket Stadium,18,7,JC Archer,6,6,False,
1216507,2020-10-11,2020/21,Sunrisers Hyderabad,Rajasthan Royals,Dubai International Cricket Stadium,19,3,JD Unadkat,2,2,False,
1216507,2020-10-11,2020/21,Sunrisers Hyderabad,Rajasthan Royals,Dubai International Cricket Stadium,19,4,JD Unadkat,0,1,False,
1216507,2020-10-11,2020/21,Sunrisers Hyderabad,Rajasthan Royals,Dubai International Cricket Stadium,19,5,JD Unadkat,1,1,False,
1216512,2020-10-18,2020/21,Sunrisers Hyderabad,Kolkata Knight Riders,Sheikh Zayed Stadium,1,1,Shivam Mavi,0,0,False,
1216512,2020-10-18,2020/21,Sunrisers Hyderabad,Kolkata Knight Riders,Sheikh Zayed Stadium,1,2,Shivam Mavi,0,0,False,
1216512,2020-10-18,2020/21,Sunrisers Hyderabad,Kolkata Knight Riders,Sheikh Zayed Stadium,1,3,Shivam Mavi,1,1,False,
1216512,2020-10-18,2020/21,Sunrisers Hyderabad,Kolkata Knight Riders,Sheikh Zayed Stadium,1,5,Shivam Mavi,4,4,False,
1216512,2020-10-18,2020/21,Sunrisers Hyderabad,Kolkata Knight Riders,Sheikh Zayed Stadium,1,6,Shivam Mavi,4,4,False,
1216512,2020-10-18,2020/21,Sunrisers Hyderabad,Kolkata Knight Riders,Sheikh Zayed Stadium,2,5,CV Varun,1,1,False,
1216512,2020-10-18,2020/21,Sunrisers Hyderabad,Kolkata Knight Riders,Sheikh Zayed Stadium,3,1,AD Russell,4,4,False,
1216512,2020-10-18,2020/21,Sunrisers Hyderabad,Kolkata Knight Riders,Sheikh Zayed Stadium,3,2,AD Russell,0,0,False,
1216512,2020-10-18,2020/21,Sunrisers Hyderabad,Kolkata Knight Riders,Sheikh Zayed Stadium,3,3,AD Russell,1,1,False,
1216512,2020-10-18,2020/21,Sunrisers Hyderabad,Kolkata Knight Riders,Sheikh Zayed Stadium,4,1,PJ Cummins,2,2,False,
1216512,2020-10-18,2020/21,Sunrisers Hyderabad,Kolkata Knight Riders,Sheikh Zayed Stadium,4,2,PJ Cummins,4,4,False,
1216512,2020-10-18,2020/21,Sunrisers Hyderabad,Kolkata Knight Riders,Sheikh Zayed Stadium,4,3,PJ Cummins,0,0,False,
1216512,2020-10-18,2020/21,Sunrisers Hyderabad,Kolkata Knight Riders,Sheikh Zayed Stadium,4,4,PJ Cummins,1,1,False,
1216512,2020-10-18,2020/21,Sunrisers Hyderabad,Kolkata Knight Riders,Sheikh Zayed Stadium,5,1,Shivam Mavi,0,0,False,
1216512,2020-10-18,2020/21,Sunrisers Hyderabad,Kolkata Knight Riders,Sheikh Zayed Stadium,5,2,Shivam Mavi,6,6,False,
1216512,2020-10-18,2020/21,Sunrisers Hyderabad,Kolkata Knight Riders,Sheikh Zayed Stadium,5,3,Shivam Mavi,0,1,False,
1216512,2020-10-18,2020/21,Sunrisers Hyderabad,Kolkata Knight Riders,Sheikh Zayed Stadium,5,4,Shivam Mavi,0,0,False,
1216512,2020-10-18,2020/21,Sunrisers Hyderabad,Kolkata Knight Riders,Sheikh Zayed Stadium,5,5,Shivam Mavi,0,0,False,
1216512,2020-10-18,2020/21,Sunrisers Hyderabad,Kolkata Knight Riders,Sheikh Zayed Stadium,5,6,Shivam Mavi,1,1,False,
1216512,2020-10-18,2020/21,Sunrisers Hyderabad,Kolkata Knight Riders,Sheikh Zayed Stadium,6,1,LH Ferguson,0,0,True,caught
1216516,2020-10-02,2020/21,Sunrisers Hyderabad,Chennai Super Kings,Dubai International Cricket Stadium,7,2,SN Thakur,0,0,False,
1216516,2020-10-02,2020/21,Sunrisers Hyderabad,Chennai Super Kings,Dubai International Cricket Stadium,7,3,SN Thakur,4,4,False,
1216516,2020-10-02,2020/21,Sunrisers Hyderabad,Chennai Super Kings,Dubai International Cricket Stadium,7,4,SN Thakur,0,0,False,
1216516,2020-10-02,2020/21,Sunrisers Hyderabad,Chennai Super Kings,Dubai International Cricket Stadium,7,5,SN Thakur,0,0,False,
1216516,2020-10-02,2020/21,Sunrisers Hyderabad,Chennai Super Kings,Dubai International Cricket Stadium,7,6,SN Thakur,1,1,False,
1216516,2020-10-02,2020/21,Sunrisers Hyderabad,Chennai Super Kings,Dubai International Cricket Stadium,8,1,PP Chawla,1,1,False,
1216516,2020-10-02,2020/21,Sunrisers Hyderabad,Chennai Super Kings,Dubai International Cricket Stadium,8,5,PP Chawla,1,1,False,
1216516,2020-10-02,2020/21,Sunrisers Hyderabad,Chennai Super Kings,Dubai International Cricket Stadium,9,2,DJ Bravo,0,0,False,
1216516,2020-10-02,2020/21,Sunrisers Hyderabad,Chennai Super Kings,Dubai International Cricket Stadium,9,3,DJ Bravo,1,1,False,
1216516,2020-10-02,2020/21,Sunrisers Hyderabad,Chennai Super Kings,Dubai International Cricket Stadium,9,5,DJ Bravo,0,0,False,
1216516,2020-10-02,2020/21,Sunrisers Hyderabad,Chennai Super Kings,Dubai International Cricket Stadium,9,6,DJ Bravo,0,0,False,
1216516,2020-10-02,2020/21,Sunrisers Hyderabad,Chennai Super Kings,Dubai International Cricket Stadium,10,3,PP Chawla,1,1,False,
1216516,2020-10-02,2020/21,Sunrisers Hyderabad,Chennai Super Kings,Dubai International Cricket Stadium,10,6,PP Chawla,0,0,True,run out
1216524,2020-10-27,2020/21,Sunrisers Hyderabad,Delhi Capitals,Dubai International Cricket Stadium,15,1,AR Patel,1,1,False,
1216524,2020-10-27,2020/21,Sunrisers Hyderabad,Delhi Capitals,Dubai International Cricket Stadium,15,3,AR Patel,1,1,False,
1216524,2020-10-27,2020/21,Sunrisers Hyderabad,Delhi Capitals,Dubai International Cricket Stadium,16,1,TU Deshpande,1,1,False,
1216524,2020-10-27,2020/21,Sunrisers Hyderabad,Delhi Capitals,Dubai International Cricket Stadium,17,1,MP Stoinis,1,1,False,
1216524,2020-10-27,2020/21,Sunrisers Hyderabad,Delhi Capitals,Dubai International Cricket Stadium,17,4,MP Stoinis,1,1,False,
1216524,2020-10-27,2020/21,Sunrisers Hyderabad,Delhi Capitals,Dubai International Cricket Stadium,17,6,MP Stoinis,0,0,False,
1216524,2020-10-27,2020/21,Sunrisers Hyderabad,Delhi Capitals,Dubai International Cricket Stadium,18,2,A Nortje,1,1,False,
1216524,2020-10-27,2020/21,Sunrisers Hyderabad,Delhi Capitals,Dubai International Cricket Stadium,19,1,K Rabada,0,0,False,
1216524,2020-10-27,2020/21,Sunrisers Hyderabad,Delhi Capitals,Dubai International Cricket Stadium,19,2,K Rabada,4,4,False,
1216524,2020-10-27,2020/21,Sunrisers Hyderabad,Delhi Capitals,Dubai International Cricket Stadium,19,3,K Rabada,1,1,False,
1216528,2020-10-13,2020/21,Sunrisers Hyderabad,Chennai Super Kings,Dubai International Cricket Stadium,4,1,DL Chahar,4,4,False,
1216528,2020-10-13,2020/21,Sunrisers Hyderabad,Chennai Super Kings,Dubai International Cricket Stadium,4,2,DL Chahar,1,1,False,
1216528,2020-10-13,2020/21,Sunrisers Hyderabad,Chennai Super Kings,Dubai International Cricket Stadium,4,5,DL Chahar,0,0,False,
1216528,2020-10-13,2020/21,Sunrisers Hyderabad,Chennai Super Kings,Dubai International Cricket Stadium,4,6,DL Chahar,1,1,False,
1216528,2020-10-13,2020/21,Sunrisers Hyderabad,Chennai Super Kings,Dubai International Cricket Stadium,5,1,SM Curran,0,0,False,
1216528,2020-10-13,2020/21,Sunrisers Hyderabad,Chennai Super Kings,Dubai International Cricket Stadium,5,2,SM Curran,0,0,False,
1216528,2020-10-13,2020/21,Sunrisers Hyderabad,Chennai Super Kings,Dubai International Cricket Stadium,5,3,SM Curran,0,0,False,
1216528,2020-10-13,2020/21,Sunrisers Hyderabad,Chennai Super Kings,Dubai International Cricket Stadium,5,4,SM Curran,2,2,False,
1216528,2020-10-13,2020/21,Sunrisers Hyderabad,Chennai Super Kings,Dubai International Cricket Stadium,5,5,SM Curran,4,4,False,
1216528,2020-10-13,2020/21,Sunrisers Hyderabad,Chennai Super Kings,Dubai International Cricket Stadium,5,6,SM Curran,0,0,False,
1216528,2020-10-13,2020/21,Sunrisers Hyderabad,Chennai Super Kings,Dubai International Cricket Stadium,6,2,DL Chahar,2,2,False,
1216528,2020-10-13,2020/21,Sunrisers Hyderabad,Chennai Super Kings,Dubai International Cricket Stadium,6,3,DL Chahar,1,1,False,
1216528,2020-10-13,2020/21,Sunrisers Hyderabad,Chennai Super Kings,Dubai International Cricket Stadium,7,1,RA Jadeja,0,0,False,
1216528,2020-10-13,2020/21,Sunrisers Hyderabad,Chennai Super Kings,Dubai International Cricket Stadium,7,2,RA Jadeja,2,2,False,
1216528,2020-10-13,2020/21,Sunrisers Hyderabad,Chennai Super Kings,Dubai International Cricket Stadium,7,3,RA Jadeja,1,1,False,
1216528,2020-10-13,2020/21,Sunrisers Hyderabad,Chennai Super Kings,Dubai International Cricket Stadium,8,2,SN Thakur,1,1,False,
1216528,2020-10-13,2020/21,Sunrisers Hyderabad,Chennai Super Kings,Dubai International Cricket Stadium,8,4,SN Thakur,0,0,False,
1216528,2020-10-13,2020/21,Sunrisers Hyderabad,Chennai Super Kings,Dubai International Cricket Stadium,8,5,SN Thakur,1,1,False,
1216528,2020-10-13,2020/21,Sunrisers Hyderabad,Chennai Super Kings,Dubai International Cricket Stadium,9,2,RA Jadeja,1,1,False,
1216528,2020-10-13,2020/21,Sunrisers Hyderabad,Chennai Super Kings,Dubai International Cricket Stadium,10,2,KV Sharma,1,1,False,
1216528,2020-10-13,2020/21,Sunrisers Hyderabad,Chennai Super Kings,Dubai International Cricket Stadium,10,6,KV Sharma,1,1,False,
1216528,2020-10-13,2020/21,Sunrisers Hyderabad,Chennai Super Kings,Dubai International Cricket Stadium,11,1,RA Jadeja,1,1,False,
1216528,2020-10-13,2020/21,Sunrisers Hyderabad,Chennai Super Kings,Dubai International Cricket Stadium,11,3,RA Jadeja,1,1,False,
1216528,2020-10-13,2020/21,Sunrisers Hyderabad,Chennai Super Kings,Dubai International Cricket Stadium,11,5,RA Jadeja,4,4,False,
1216528,2020-10-13,2020/21,Sunrisers Hyderabad,Chennai Super Kings,Dubai International Cricket Stadium,11,6,RA Jadeja,4,4,False,
1216528,2020-10-13,2020/21,Sunrisers Hyderabad,Chennai Super Kings,Dubai International Cricket Stadium,12,2,KV Sharma,1,1,False,
1216528,2020-10-13,2020/21,Sunrisers Hyderabad,Chennai Super Kings,Dubai International Cricket Stadium,12,5,KV Sharma,1,1,False,
1216528,2020-10-13,2020/21,Sunrisers Hyderabad,Chennai Super Kings,Dubai International Cricket Stadium,13,5,DJ Bravo,4,4,False,
1216528,2020-10-13,2020/21,Sunrisers Hyderabad,Chennai Super Kings,Dubai International Cricket Stadium,13,6,DJ Bravo,2,2,False,
1216528,2020-10-13,2020/21,Sunrisers Hyderabad,Chennai Super Kings,Dubai International Cricket Stadium,14,2,KV Sharma,1,1,False,
1216528,2020-10-13,2020/21,Sunrisers Hyderabad,Chennai Super Kings,Dubai International Cricket Stadium,14,8,KV Sharma,1,1,False,
1216528,2020-10-13,2020/21,Sunrisers Hyderabad,Chennai Super Kings,Dubai International Cricket Stadium,15,1,PP Chawla,1,1,False,
1216528,2020-10-13,2020/21,Sunrisers Hyderabad,Chennai Super Kings,Dubai International Cricket Stadium,15,4,PP Chawla,2,2,False,
1216528,2020-10-13,2020/21,Sunrisers Hyderabad,Chennai Super Kings,Dubai International Cricket Stadium,15,5,PP Chawla,1,1,False,
1216528,2020-10-13,2020/21,Sunrisers Hyderabad,Chennai Super Kings,Dubai International Cricket Stadium,16,3,DJ Bravo,1,1,False,
1216528,2020-10-13,2020/21,Sunrisers Hyderabad,Chennai Super Kings,Dubai International Cricket Stadium,16,5,DJ Bravo,4,4,False,
1216528,2020-10-13,2020/21,Sunrisers Hyderabad,Chennai Super Kings,Dubai International Cricket Stadium,16,6,DJ Bravo,1,1,False,
1216528,2020-10-13,2020/21,Sunrisers Hyderabad,Chennai Super Kings,Dubai International Cricket Stadium,17,1,KV Sharma,4,4,False,
1216528,2020-10-13,2020/21,Sunrisers Hyderabad,Chennai Super Kings,Dubai International Cricket Stadium,17,2,KV Sharma,0,0,True,caught
1216532,2020-09-29,2020/21,Sunrisers Hyderabad,Delhi Capitals,Sheikh Zayed Stadium,11,6,A Mishra,1,1,False,
1216532,2020-09-29,2020/21,Sunrisers Hyderabad,Delhi Capitals,Sheikh Zayed Stadium,12,1,AR Patel,1,1,False,
1216532,2020-09-29,2020/21,Sunrisers Hyderabad,Delhi Capitals,Sheikh Zayed Stadium,12,3,AR Patel,1,1,False,
1216532,2020-09-29,2020/21,Sunrisers Hyderabad,Delhi Capitals,Sheikh Zayed Stadium,12,5,AR Patel,1,1,False,
1216532,2020-09-29,2020/21,Sunrisers Hyderabad,Delhi Capitals,Sheikh Zayed Stadium,13,1,A Mishra,1,1,False,
1216532,2020-09-29,2020/21,Sunrisers Hyderabad,Delhi Capitals,Sheikh Zayed Stadium,13,3,A Mishra,4,4,False,
1216532,2020-09-29,2020/21,Sunrisers Hyderabad,Delhi Capitals,Sheikh Zayed Stadium,13,4,A Mishra,1,1,False,
1216532,2020-09-29,2020/21,Sunrisers Hyderabad,Delhi Capitals,Sheikh Zayed Stadium,13,6,A Mishra,1,1,False,
1216532,2020-09-29,2020/21,Sunrisers Hyderabad,Delhi Capitals,Sheikh Zayed Stadium,14,1,K Rabada,1,1,False,
1216532,2020-09-29,2020/21,Sunrisers Hyderabad,Delhi Capitals,Sheikh Zayed Stadium,14,3,K Rabada,1,1,False,
1216532,2020-09-29,2020/21,Sunrisers Hyderabad,Delhi Capitals,Sheikh Zayed Stadium,14,5,K Rabada,2,2,False,
1216532,2020-09-29,2020/21,Sunrisers Hyderabad,Delhi Capitals,Sheikh Zayed Stadium,14,6,K Rabada,3,3,False,
1216532,2020-09-29,2020/21,Sunrisers Hyderabad,Delhi Capitals,Sheikh Zayed Stadium,15,1,A Nortje,0,0,False,
1216532,2020-09-29,2020/21,Sunrisers Hyderabad,Delhi Capitals,Sheikh Zayed Stadium,15,2,A Nortje,1,1,False,
1216532,2020-09-29,2020/21,Sunrisers Hyderabad,Delhi Capitals,Sheikh Zayed Stadium,15,4,A Nortje,4,4,False,
1216532,2020-09-29,2020/21,Sunrisers Hyderabad,Delhi Capitals,Sheikh Zayed Stadium,15,5,A Nortje,4,4,False,
1216532,2020-09-29,2020/21,Sunrisers Hyderabad,Delhi Capitals,Sheikh Zayed Stadium,15,6,A Nortje,1,1,False,
1216532,2020-09-29,2020/21,Sunrisers Hyderabad,Delhi Capitals,Sheikh Zayed Stadium,16,1,MP Stoinis,1,1,False,
1216532,2020-09-29,2020/21,Sunrisers Hyderabad,Delhi Capitals,Sheikh Zayed Stadium,16,3,MP Stoinis,4,4,False,
1216532,2020-09-29,2020/21,Sunrisers Hyderabad,Delhi Capitals,Sheikh Zayed Stadium,16,4,MP Stoinis,4,4,False,
1216532,2020-09-29,2020/21,Sunrisers Hyderabad,Delhi Capitals,Sheikh Zayed Stadium,16,5,MP Stoinis,1,1,False,
1216532,2020-09-29,2020/21,Sunrisers Hyderabad,Delhi Capitals,Sheikh Zayed Stadium,17,6,K Rabada,1,1,False,
1216532,2020-09-29,2020/21,Sunrisers Hyderabad,Delhi Capitals,Sheikh Zayed Stadium,18,1,A Nortje,1,1,False,
1216532,2020-09-29,2020/21,Sunrisers Hyderabad,Delhi Capitals,Sheikh Zayed Stadium,18,3,A Nortje,1,1,False,
1216532,2020-09-29,2020/21,Sunrisers Hyderabad,Delhi Capitals,Sheikh Zayed Stadium,19,1,K Rabada,0,1,False,
1216532,2020-09-29,2020/21,Sunrisers Hyderabad,Delhi Capitals,Sheikh Zayed Stadium,19,4,K Rabada,0,0,True,caught
1216538,2020-10-04,2020/21,Sunrisers Hyderabad,Mumbai Indians,Sharjah Cricket Stadium,9,7,JL Pattinson,0,0,False,
1216538,2020-10-04,2020/21,Sunrisers Hyderabad,Mumbai Indians,Sharjah Cricket Stadium,10,5,KH Pandya,1,1,False,
1216538,2020-10-04,2020/21,Sunrisers Hyderabad,Mumbai Indians,Sharjah Cricket Stadium,11,3,JJ Bumrah,1,1,False,
1216538,2020-10-04,2020/21,Sunrisers Hyderabad,Mumbai Indians,Sharjah Cricket Stadium,11,6,JJ Bumrah,1,1,False,
1216538,2020-10-04,2020/21,Sunrisers Hyderabad,Mumbai Indians,Sharjah Cricket Stadium,12,2,TA Boult,0,0,True,caught
1216542,2020-10-08,2020/21,Sunrisers Hyderabad,Kings XI Punjab,Dubai International Cricket Stadium,16,2,Arshdeep Singh,0,0,False,
1216542,2020-10-08,2020/21,Sunrisers Hyderabad,Kings XI Punjab,Dubai International Cricket Stadium,16,3,Arshdeep Singh,0,0,False,
1216542,2020-10-08,2020/21,Sunrisers Hyderabad,Kings XI Punjab,Dubai International Cricket Stadium,16,4,Arshdeep Singh,3,3,False,
1216542,2020-10-08,2020/21,Sunrisers Hyderabad,Kings XI Punjab,Dubai International Cricket Stadium,17,3,Ravi Bishnoi,1,1,False,
1216542,2020-10-08,2020/21,Sunrisers Hyderabad,Kings XI Punjab,Dubai International Cricket Stadium,17,6,Ravi Bishnoi,2,2,False,
1216542,2020-10-08,2020/21,Sunrisers Hyderabad,Kings XI Punjab,Dubai International Cricket Stadium,18,2,Arshdeep Singh,1,1,False,
1216542,2020-10-08,2020/21,Sunrisers Hyderabad,Kings XI Punjab,Dubai International Cricket Stadium,19,2,Mohammed Shami,4,4,False,
1216542,2020-10-08,2020/21,Sunrisers Hyderabad,Kings XI Punjab,Dubai International Cricket Stadium,19,3,Mohammed Shami,6,6,False,
1216542,2020-10-08,2020/21,Sunrisers Hyderabad,Kings XI Punjab,Dubai International Cricket Stadium,19,4,Mohammed Shami,1,1,False,
1216542,2020-10-08,2020/21,Sunrisers Hyderabad,Kings XI Punjab,Dubai International Cricket Stadium,19,6,Mohammed Shami,2,2,False,
1237178,2020-11-06,2020/21,Sunrisers Hyderabad,Royal Challengers Bangalore,Sheikh Zayed Stadium,5,5,Mohammed Siraj,0,4,False,
1237178,2020-11-06,2020/21,Sunrisers Hyderabad,Royal Challengers Bangalore,Sheikh Zayed Stadium,5,6,Mohammed Siraj,0,1,False,
1237178,2020-11-06,2020/21,Sunrisers Hyderabad,Royal Challengers Bangalore,Sheikh Zayed Stadium,6,1,A Zampa,0,0,False,
1237178,2020-11-06,2020/21,Sunrisers Hyderabad,Royal Challengers Bangalore,Sheikh Zayed Stadium,6,2,A Zampa,0,0,False,
1237178,2020-11-06,2020/21,Sunrisers Hyderabad,Royal Challengers Bangalore,Sheikh Zayed Stadium,6,3,A Zampa,0,0,False,
1237178,2020-11-06,2020/21,Sunrisers Hyderabad,Royal Challengers Bangalore,Sheikh Zayed Stadium,6,4,A Zampa,0,0,False,
1237178,2020-11-06,2020/21,Sunrisers Hyderabad,Royal Challengers Bangalore,Sheikh Zayed Stadium,6,5,A Zampa,1,1,False,
1237178,2020-11-06,2020/21,Sunrisers Hyderabad,Royal Challengers Bangalore,Sheikh Zayed Stadium,7,1,YS Chahal,1,1,False,
1237178,2020-11-06,2020/21,Sunrisers Hyderabad,Royal Challengers Bangalore,Sheikh Zayed Stadium,7,3,YS Chahal,1,1,False,
1237178,2020-11-06,2020/21,Sunrisers Hyderabad,Royal Challengers Bangalore,Sheikh Zayed Stadium,7,6,YS Chahal,1,1,False,
1237178,2020-11-06,2020/21,Sunrisers Hyderabad,Royal Challengers Bangalore,Sheikh Zayed Stadium,8,1,A Zampa,1,1,False,
1237178,2020-11-06,2020/21,Sunrisers Hyderabad,Royal Challengers Bangalore,Sheikh Zayed Stadium,9,1,YS Chahal,1,1,False,
1237178,2020-11-06,2020/21,Sunrisers Hyderabad,Royal Challengers Bangalore,Sheikh Zayed Stadium,10,1,A Zampa,0,0,False,
1237178,2020-11-06,2020/21,Sunrisers Hyderabad,Royal Challengers Bangalore,Sheikh Zayed Stadium,10,2,A Zampa,0,0,False,
1237178,2020-11-06,2020/21,Sunrisers Hyderabad,Royal Challengers Bangalore,Sheikh Zayed Stadium,10,3,A Zampa,0,1,False,
1237178,2020-11-06,2020/21,Sunrisers Hyderabad,Royal Challengers Bangalore,Sheikh Zayed Stadium,10,4,A Zampa,1,1,False,
1237178,2020-11-06,2020/21,Sunrisers Hyderabad,Royal Challengers Bangalore,Sheikh Zayed Stadium,11,1,YS Chahal,1,1,False,
1237178,2020-11-06,2020/21,Sunrisers Hyderabad,Royal Challengers Bangalore,Sheikh Zayed Stadium,11,3,YS Chahal,1,1,False,
1237178,2020-11-06,2020/21,Sunrisers Hyderabad,Royal Challengers Bangalore,Sheikh Zayed Stadium,11,6,YS Chahal,1,1,False,
1237178,2020-11-06,2020/21,Sunrisers Hyderabad,Royal Challengers Bangalore,Sheikh Zayed Stadium,12,1,MM Ali,2,2,False,
1237178,2020-11-06,2020/21,Sunrisers Hyderabad,Royal Challengers Bangalore,Sheikh Zayed Stadium,12,2,MM Ali,0,0,False,
1237178,2020-11-06,2020/21,Sunrisers Hyderabad,Royal Challengers Bangalore,Sheikh Zayed Stadium,12,3,MM Ali,0,0,False,
1237178,2020-11-06,2020/21,Sunrisers Hyderabad,Royal Challengers Bangalore,Sheikh Zayed Stadium,12,4,MM Ali,0,0,False,
1237178,2020-11-06,2020/21,Sunrisers Hyderabad,Royal Challengers Bangalore,Sheikh Zayed Stadium,12,5,MM Ali,1,1,False,
1237178,2020-11-06,2020/21,Sunrisers Hyderabad,Royal Challengers Bangalore,Sheikh Zayed Stadium,13,4,Washington Sundar,0,0,False,
1237178,2020-11-06,2020/21,Sunrisers Hyderabad,Royal Challengers Bangalore,Sheikh Zayed Stadium,13,5,Washington Sundar,6,6,False,
1237178,2020-11-06,2020/21,Sunrisers Hyderabad,Royal Challengers Bangalore,Sheikh Zayed Stadium,13,6,Washington Sundar,2,2,False,
1237178,2020-11-06,2020/21,Sunrisers Hyderabad,Royal Challengers Bangalore,Sheikh Zayed Stadium,14,2,A Zampa,1,1,False,
1237178,2020-11-06,2020/21,Sunrisers Hyderabad,Royal Challengers Bangalore,Sheikh Zayed Stadium,14,4,A Zampa,1,1,False,
1237178,2020-11-06,2020/21,Sunrisers Hyderabad,Royal Challengers Bangalore,Sheikh Zayed Stadium,14,6,A Zampa,1,1,False,
1237178,2020-11-06,2020/21,Sunrisers Hyderabad,Royal Challengers Bangalore,Sheikh Zayed Stadium,15,1,YS Chahal,1,1,False,
1237178,2020-11-06,2020/21,Sunrisers Hyderabad,Royal Challengers Bangalore,Sheikh Zayed Stadium,15,3,YS Chahal,1,1,False,
1237178,2020-11-06,2020/21,Sunrisers Hyderabad,Royal Challengers Bangalore,Sheikh Zayed Stadium,15,6,YS Chahal,6,6,False,
1237178,2020-11-06,2020/21,Sunrisers Hyderabad,Royal Challengers Bangalore,Sheikh Zayed Stadium,16,2,S Dube,1,1,False,
1237178,2020-11-06,2020/21,Sunrisers Hyderabad,Royal Challengers Bangalore,Sheikh Zayed Stadium,16,5,S Dube,4,4,False,
1237178,2020-11-06,2020/21,Sunrisers Hyderabad,Royal Challengers Bangalore,Sheikh Zayed Stadium,16,6,S Dube,0,0,False,
1237178,2020-11-06,2020/21,Sunrisers Hyderabad,Royal Challengers Bangalore,Sheikh Zayed Stadium,17,2,Navdeep Saini,1,1,False,
1237178,2020-11-06,2020/21,Sunrisers Hyderabad,Royal Challengers Bangalore,Sheikh Zayed Stadium,17,4,Navdeep Saini,4,4,False,
1237178,2020-11-06,2020/21,Sunrisers Hyderabad,Royal Challengers Bangalore,Sheikh Zayed Stadium,17,5,Navdeep Saini,2,2,False,
1237178,2020-11-06,2020/21,Sunrisers Hyderabad,Royal Challengers Bangalore,Sheikh Zayed Stadium,17,6,Navdeep Saini,1,1,False,
1237178,2020-11-06,2020/21,Sunrisers Hyderabad,Royal Challengers Bangalore,Sheikh Zayed Stadium,18,1,Mohammed Siraj,1,1,False,
1237178,2020-11-06,2020/21,Sunrisers Hyderabad,Royal Challengers Bangalore,Sheikh Zayed Stadium,18,4,Mohammed Siraj,2,2,False,
1237178,2020-11-06,2020/21,Sunrisers Hyderabad,Royal Challengers Bangalore,Sheikh Zayed Stadium,18,5,Mohammed Siraj,0,0,False,
1237178,2020-11-06,2020/21,Sunrisers Hyderabad,Royal Challengers Bangalore,Sheikh Zayed Stadium,18,6,Mohammed Siraj,1,1,False,
1237178,2020-11-06,2020/21,Sunrisers Hyderabad,Royal Challengers Bangalore,Sheikh Zayed Stadium,19,1,Navdeep Saini,1,1,False,
1237180,2020-11-08,2020/21,Sunrisers Hyderabad,Delhi Capitals,Sheikh Zayed Stadium,4,6,MP Stoinis,1,1,False,
1237180,2020-11-08,2020/21,Sunrisers Hyderabad,Delhi Capitals,Sheikh Zayed Stadium,5,1,A Nortje,0,0,False,
1237180,2020-11-08,2020/21,Sunrisers Hyderabad,Delhi Capitals,Sheikh Zayed Stadium,5,2,A Nortje,1,1,False,
1237180,2020-11-08,2020/21,Sunrisers Hyderabad,Delhi Capitals,Sheikh Zayed Stadium,6,1,AR Patel,1,1,False,
1237180,2020-11-08,2020/21,Sunrisers Hyderabad,Delhi Capitals,Sheikh Zayed Stadium,6,3,AR Patel,0,0,False,
1237180,2020-11-08,2020/21,Sunrisers Hyderabad,Delhi Capitals,Sheikh Zayed Stadium,6,4,AR Patel,1,1,False,
1237180,2020-11-08,2020/21,Sunrisers Hyderabad,Delhi Capitals,Sheikh Zayed Stadium,7,1,P Dubey,1,1,False,
1237180,2020-11-08,2020/21,Sunrisers Hyderabad,Delhi Capitals,Sheikh Zayed Stadium,7,4,P Dubey,0,0,False,
1237180,2020-11-08,2020/21,Sunrisers Hyderabad,Delhi Capitals,Sheikh Zayed Stadium,7,5,P Dubey,0,0,False,
1237180,2020-11-08,2020/21,Sunrisers Hyderabad,Delhi Capitals,Sheikh Zayed Stadium,7,6,P Dubey,1,1,False,
1237180,2020-11-08,2020/21,Sunrisers Hyderabad,Delhi Capitals,Sheikh Zayed Stadium,8,1,AR Patel,4,4,False,
1237180,2020-11-08,2020/21,Sunrisers Hyderabad,Delhi Capitals,Sheikh Zayed Stadium,8,2,AR Patel,1,1,False,
1237180,2020-11-08,2020/21,Sunrisers Hyderabad,Delhi Capitals,Sheikh Zayed Stadium,8,4,AR Patel,1,1,False,
1237180,2020-11-08,2020/21,Sunrisers Hyderabad,Delhi Capitals,Sheikh Zayed Stadium,9,1,P Dubey,1,1,False,
1237180,2020-11-08,2020/21,Sunrisers Hyderabad,Delhi Capitals,Sheikh Zayed Stadium,9,3,P Dubey,6,6,False,
1237180,2020-11-08,2020/21,Sunrisers Hyderabad,Delhi Capitals,Sheikh Zayed Stadium,9,4,P Dubey,1,1,False,
1237180,2020-11-08,2020/21,Sunrisers Hyderabad,Delhi Capitals,Sheikh Zayed Stadium,9,6,P Dubey,1,1,False,
1237180,2020-11-08,2020/21,Sunrisers Hyderabad,Delhi Capitals,Sheikh Zayed Stadium,10,1,K Rabada,0,0,False,
1237180,2020-11-08,2020/21,Sunrisers Hyderabad,Delhi Capitals,Sheikh Zayed Stadium,10,2,K Rabada,0,0,False,
1237180,2020-11-08,2020/21,Sunrisers Hyderabad,Delhi Capitals,Sheikh Zayed Stadium,10,3,K Rabada,0,0,False,
1237180,2020-11-08,2020/21,Sunrisers Hyderabad,Delhi Capitals,Sheikh Zayed Stadium,10,4,K Rabada,0,1,False,
1237180,2020-11-08,2020/21,Sunrisers Hyderabad,Delhi Capitals,Sheikh Zayed Stadium,10,5,K Rabada,0,0,False,
1237180,2020-11-08,2020/21,Sunrisers Hyderabad,Delhi Capitals,Sheikh Zayed Stadium,10,6,K Rabada,6,6,False,
1237180,2020-11-08,2020/21,Sunrisers Hyderabad,Delhi Capitals,Sheikh Zayed Stadium,10,7,K Rabada,1,1,False,
1237180,2020-11-08,2020/21,Sunrisers Hyderabad,Delhi Capitals,Sheikh Zayed Stadium,11,1,AR Patel,6,6,False,
1237180,2020-11-08,2020/21,Sunrisers Hyderabad,Delhi Capitals,Sheikh Zayed Stadium,11,2,AR Patel,0,0,False,
1237180,2020-11-08,2020/21,Sunrisers Hyderabad,Delhi Capitals,Sheikh Zayed Stadium,11,3,AR Patel,1,1,False,
1237180,2020-11-08,2020/21,Sunrisers Hyderabad,Delhi Capitals,Sheikh Zayed Stadium,11,5,AR Patel,4,4,False,
1237180,2020-11-08,2020/21,Sunrisers Hyderabad,Delhi Capitals,Sheikh Zayed Stadium,11,6,AR Patel,1,1,False,
1237180,2020-11-08,2020/21,Sunrisers Hyderabad,Delhi Capitals,Sheikh Zayed Stadium,12,1,MP Stoinis,6,6,False,
1237180,2020-11-08,2020/21,Sunrisers Hyderabad,Delhi Capitals,Sheikh Zayed Stadium,12,2,MP Stoinis,1,1,False,
1237180,2020-11-08,2020/21,Sunrisers Hyderabad,Delhi Capitals,Sheikh Zayed Stadium,12,4,MP Stoinis,0,0,False,
1237180,2020-11-08,2020/21,Sunrisers Hyderabad,Delhi Capitals,Sheikh Zayed Stadium,12,5,MP Stoinis,0,0,False,
1237180,2020-11-08,2020/21,Sunrisers Hyderabad,Delhi Capitals,Sheikh Zayed Stadium,12,6,MP Stoinis,1,1,False,
1237180,2020-11-08,2020/21,Sunrisers Hyderabad,Delhi Capitals,Sheikh Zayed Stadium,13,1,AR Patel,1,1,False,
1237180,2020-11-08,2020/21,Sunrisers Hyderabad,Delhi Capitals,Sheikh Zayed Stadium,13,3,AR Patel,1,1,False,
1237180,2020-11-08,2020/21,Sunrisers Hyderabad,Delhi Capitals,Sheikh Zayed Stadium,13,5,AR Patel,4,4,False,
1237180,2020-11-08,2020/21,Sunrisers Hyderabad,Delhi Capitals,Sheikh Zayed Stadium,13,6,AR Patel,1,1,False,
1237180,2020-11-08,2020/21,Sunrisers Hyderabad,Delhi Capitals,Sheikh Zayed Stadium,14,1,A Nortje,1,1,False,
1237180,2020-11-08,2020/21,Sunrisers Hyderabad,Delhi Capitals,Sheikh Zayed Stadium,14,6,A Nortje,0,0,False,
1237180,2020-11-08,2020/21,Sunrisers Hyderabad,Delhi Capitals,Sheikh Zayed Stadium,15,3,R Ashwin,4,4,False,
1237180,2020-11-08,2020/21,Sunrisers Hyderabad,Delhi Capitals,Sheikh Zayed Stadium,15,4,R Ashwin,1,1,False,
1237180,2020-11-08,2020/21,Sunrisers Hyderabad,Delhi Capitals,Sheikh Zayed Stadium,15,6,R Ashwin,1,1,False,
1237180,2020-11-08,2020/21,Sunrisers Hyderabad,Delhi Capitals,Sheikh Zayed Stadium,16,1,MP Stoinis,1,1,False,
1237180,2020-11-08,2020/21,Sunrisers Hyderabad,Delhi Capitals,Sheikh Zayed Stadium,16,4,MP Stoinis,4,4,False,
1237180,2020-11-08,2020/21,Sunrisers Hyderabad,Delhi Capitals,Sheikh Zayed Stadium,16,5,MP Stoinis,0,0,True,caught
1254071,2021-04-21,2021,Sunrisers Hyderabad,Punjab Kings,"MA Chidambaram Stadium, Chepauk, Chennai",11,1,M Ashwin,1,1,False,
1254071,2021-04-21,2021,Sunrisers Hyderabad,Punjab Kings,"MA Chidambaram Stadium, Chepauk, Chennai",11,4,M Ashwin,1,1,False,
1254071,2021-04-21,2021,Sunrisers Hyderabad,Punjab Kings,"MA Chidambaram Stadium, Chepauk, Chennai",12,1,FA Allen,1,1,False,
1254071,2021-04-21,2021,Sunrisers Hyderabad,Punjab Kings,"MA Chidambaram Stadium, Chepauk, Chennai",12,3,FA Allen,3,3,False,
1254071,2021-04-21,2021,Sunrisers Hyderabad,Punjab Kings,"MA Chidambaram Stadium, Chepauk, Chennai",12,6,FA Allen,1,1,False,
1254071,2021-04-21,2021,Sunrisers Hyderabad,Punjab Kings,"MA Chidambaram Stadium, Chepauk, Chennai",13,1,DJ Hooda,0,0,False,
1254071,2021-04-21,2021,Sunrisers Hyderabad,Punjab Kings,"MA Chidambaram Stadium, Chepauk, Chennai",13,2,DJ Hooda,1,1,False,
1254071,2021-04-21,2021,Sunrisers Hyderabad,Punjab Kings,"MA Chidambaram Stadium, Chepauk, Chennai",13,4,DJ Hooda,1,1,False,
1254071,2021-04-21,2021,Sunrisers Hyderabad,Punjab Kings,"MA Chidambaram Stadium, Chepauk, Chennai",13,6,DJ Hooda,0,0,False,
1254071,2021-04-21,2021,Sunrisers Hyderabad,Punjab Kings,"MA Chidambaram Stadium, Chepauk, Chennai",14,2,FA Allen,0,0,False,
1254071,2021-04-21,2021,Sunrisers Hyderabad,Punjab Kings,"MA Chidambaram Stadium, Chepauk, Chennai",14,3,FA Allen,1,1,False,
1254071,2021-04-21,2021,Sunrisers Hyderabad,Punjab Kings,"MA Chidambaram Stadium, Chepauk, Chennai",14,6,FA Allen,1,1,False,
1254071,2021-04-21,2021,Sunrisers Hyderabad,Punjab Kings,"MA Chidambaram Stadium, Chepauk, Chennai",15,1,Arshdeep Singh,1,1,False,
1254071,2021-04-21,2021,Sunrisers Hyderabad,Punjab Kings,"MA Chidambaram Stadium, Chepauk, Chennai",15,4,Arshdeep Singh,1,1,False,
1254071,2021-04-21,2021,Sunrisers Hyderabad,Punjab Kings,"MA Chidambaram Stadium, Chepauk, Chennai",15,6,Arshdeep Singh,1,1,False,
1254071,2021-04-21,2021,Sunrisers Hyderabad,Punjab Kings,"MA Chidambaram Stadium, Chepauk, Chennai",16,1,M Ashwin,1,1,False,
1254071,2021-04-21,2021,Sunrisers Hyderabad,Punjab Kings,"MA Chidambaram Stadium, Chepauk, Chennai",16,3,M Ashwin,1,1,False,
1254071,2021-04-21,2021,Sunrisers Hyderabad,Punjab Kings,"MA Chidambaram Stadium, Chepauk, Chennai",16,6,M Ashwin,0,0,False,
1254071,2021-04-21,2021,Sunrisers Hyderabad,Punjab Kings,"MA Chidambaram Stadium, Chepauk, Chennai",17,6,DJ Hooda,0,0,False,
1254071,2021-04-21,2021,Sunrisers Hyderabad,Punjab Kings,"MA Chidambaram Stadium, Chepauk, Chennai",18,5,Arshdeep Singh,0,1,False,
1254077,2021-04-25,2021,Sunrisers Hyderabad,Delhi Capitals,"MA Chidambaram Stadium, Chepauk, Chennai",3,3,R Ashwin,4,4,False,
1254077,2021-04-25,2021,Sunrisers Hyderabad,Delhi Capitals,"MA Chidambaram Stadium, Chepauk, Chennai",3,4,R Ashwin,0,1,False,
1254077,2021-04-25,2021,Sunrisers Hyderabad,Delhi Capitals,"MA Chidambaram Stadium, Chepauk, Chennai",3,5,R Ashwin,0,0,False,
1254077,2021-04-25,2021,Sunrisers Hyderabad,Delhi Capitals,"MA Chidambaram Stadium, Chepauk, Chennai",3,6,R Ashwin,1,1,False,
1254077,2021-04-25,2021,Sunrisers Hyderabad,Delhi Capitals,"MA Chidambaram Stadium, Chepauk, Chennai",4,1,AR Patel,0,0,False,
1254077,2021-04-25,2021,Sunrisers Hyderabad,Delhi Capitals,"MA Chidambaram Stadium, Chepauk, Chennai",4,2,AR Patel,0,0,False,
1254077,2021-04-25,2021,Sunrisers Hyderabad,Delhi Capitals,"MA Chidambaram Stadium, Chepauk, Chennai",4,3,AR Patel,1,1,False,
1254077,2021-04-25,2021,Sunrisers Hyderabad,Delhi Capitals,"MA Chidambaram Stadium, Chepauk, Chennai",5,1,Avesh Khan,4,4,False,
1254077,2021-04-25,2021,Sunrisers Hyderabad,Delhi Capitals,"MA Chidambaram Stadium, Chepauk, Chennai",5,2,Avesh Khan,1,1,False,
1254077,2021-04-25,2021,Sunrisers Hyderabad,Delhi Capitals,"MA Chidambaram Stadium, Chepauk, Chennai",6,1,A Mishra,2,2,False,
1254077,2021-04-25,2021,Sunrisers Hyderabad,Delhi Capitals,"MA Chidambaram Stadium, Chepauk, Chennai",6,2,A Mishra,0,0,False,
1254077,2021-04-25,2021,Sunrisers Hyderabad,Delhi Capitals,"MA Chidambaram Stadium, Chepauk, Chennai",6,3,A Mishra,0,0,False,
1254077,2021-04-25,2021,Sunrisers Hyderabad,Delhi Capitals,"MA Chidambaram Stadium, Chepauk, Chennai",6,4,A Mishra,2,2,False,
1254077,2021-04-25,2021,Sunrisers Hyderabad,Delhi Capitals,"MA Chidambaram Stadium, Chepauk, Chennai",6,5,A Mishra,1,1,False,
1254077,2021-04-25,2021,Sunrisers Hyderabad,Delhi Capitals,"MA Chidambaram Stadium, Chepauk, Chennai",7,4,R Ashwin,0,0,False,
1254077,2021-04-25,2021,Sunrisers Hyderabad,Delhi Capitals,"MA Chidambaram Stadium, Chepauk, Chennai",7,5,R Ashwin,1,1,False,
1254077,2021-04-25,2021,Sunrisers Hyderabad,Delhi Capitals,"MA Chidambaram Stadium, Chepauk, Chennai",8,1,A Mishra,0,0,False,
1254077,2021-04-25,2021,Sunrisers Hyderabad,Delhi Capitals,"MA Chidambaram Stadium, Chepauk, Chennai",8,2,A Mishra,0,0,False,
1254077,2021-04-25,2021,Sunrisers Hyderabad,Delhi Capitals,"MA Chidambaram Stadium, Chepauk, Chennai",8,3,A Mishra,4,4,False,
1254077,2021-04-25,2021,Sunrisers Hyderabad,Delhi Capitals,"MA Chidambaram Stadium, Chepauk, Chennai",8,4,A Mishra,4,4,False,
1254077,2021-04-25,2021,Sunrisers Hyderabad,Delhi Capitals,"MA Chidambaram Stadium, Chepauk, Chennai",8,5,A Mishra,0,0,False,
1254077,2021-04-25,2021,Sunrisers Hyderabad,Delhi Capitals,"MA Chidambaram Stadium, Chepauk, Chennai",8,6,A Mishra,0,0,False,
1254077,2021-04-25,2021,Sunrisers Hyderabad,Delhi Capitals,"MA Chidambaram Stadium, Chepauk, Chennai",9,2,R Ashwin,1,1,False,
1254077,2021-04-25,2021,Sunrisers Hyderabad,Delhi Capitals,"MA Chidambaram Stadium, Chepauk, Chennai",9,4,R Ashwin,4,4,False,
1254077,2021-04-25,2021,Sunrisers Hyderabad,Delhi Capitals,"MA Chidambaram Stadium, Chepauk, Chennai",9,5,R Ashwin,1,1,False,
1254077,2021-04-25,2021,Sunrisers Hyderabad,Delhi Capitals,"MA Chidambaram Stadium, Chepauk, Chennai",10,1,AR Patel,0,0,False,
1254077,2021-04-25,2021,Sunrisers Hyderabad,Delhi Capitals,"MA Chidambaram Stadium, Chepauk, Chennai",10,2,AR Patel,2,2,False,
1254077,2021-04-25,2021,Sunrisers Hyderabad,Delhi Capitals,"MA Chidambaram Stadium, Chepauk, Chennai",10,3,AR Patel,0,0,False,
1254077,2021-04-25,2021,Sunrisers Hyderabad,Delhi Capitals,"MA Chidambaram Stadium, Chepauk, Chennai",10,4,AR Patel,1,1,False,
1254077,2021-04-25,2021,Sunrisers Hyderabad,Delhi Capitals,"MA Chidambaram Stadium, Chepauk, Chennai",11,5,Avesh Khan,1,1,False,
1254077,2021-04-25,2021,Sunrisers Hyderabad,Delhi Capitals,"MA Chidambaram Stadium, Chepauk, Chennai",12,3,AR Patel,0,0,False,
1254077,2021-04-25,2021,Sunrisers Hyderabad,Delhi Capitals,"MA Chidambaram Stadium, Chepauk, Chennai",12,4,AR Patel,1,1,False,
1254077,2021-04-25,2021,Sunrisers Hyderabad,Delhi Capitals,"MA Chidambaram Stadium, Chepauk, Chennai",12,6,AR Patel,1,1,False,
1254077,2021-04-25,2021,Sunrisers Hyderabad,Delhi Capitals,"MA Chidambaram Stadium, Chepauk, Chennai",13,1,K Rabada,1,1,False,
1254077,2021-04-25,2021,Sunrisers Hyderabad,Delhi Capitals,"MA Chidambaram Stadium, Chepauk, Chennai",13,3,K Rabada,2,2,False,
1254077,2021-04-25,2021,Sunrisers Hyderabad,Delhi Capitals,"MA Chidambaram Stadium, Chepauk, Chennai",13,4,K Rabada,0,0,False,
1254077,2021-04-25,2021,Sunrisers Hyderabad,Delhi Capitals,"MA Chidambaram Stadium, Chepauk, Chennai",13,5,K Rabada,0,0,False,
1254077,2021-04-25,2021,Sunrisers Hyderabad,Delhi Capitals,"MA Chidambaram Stadium, Chepauk, Chennai",13,6,K Rabada,4,4,False,
1254077,2021-04-25,2021,Sunrisers Hyderabad,Delhi Capitals,"MA Chidambaram Stadium, Chepauk, Chennai",14,4,A Mishra,2,2,False,
1254077,2021-04-25,2021,Sunrisers Hyderabad,Delhi Capitals,"MA Chidambaram Stadium, Chepauk, Chennai",14,5,A Mishra,1,1,False,
1254077,2021-04-25,2021,Sunrisers Hyderabad,Delhi Capitals,"MA Chidambaram Stadium, Chepauk, Chennai",15,1,Avesh Khan,1,1,False,
1254077,2021-04-25,2021,Sunrisers Hyderabad,Delhi Capitals,"MA Chidambaram Stadium, Chepauk, Chennai",15,5,Avesh Khan,1,1,False,
1254077,2021-04-25,2021,Sunrisers Hyderabad,Delhi Capitals,"MA Chidambaram Stadium, Chepauk, Chennai",15,7,Avesh Khan,2,2,False,
1254077,2021-04-25,2021,Sunrisers Hyderabad,Delhi Capitals,"MA Chidambaram Stadium, Chepauk, Chennai",16,6,AR Patel,1,1,False,
1254077,2021-04-25,2021,Sunrisers Hyderabad,Delhi Capitals,"MA Chidambaram Stadium, Chepauk, Chennai",17,1,A Mishra,4,4,False,
1254077,2021-04-25,2021,Sunrisers Hyderabad,Delhi Capitals,"MA Chidambaram Stadium, Chepauk, Chennai",17,2,A Mishra,1,1,False,
1254077,2021-04-25,2021,Sunrisers Hyderabad,Delhi Capitals,"MA Chidambaram Stadium, Chepauk, Chennai",17,4,A Mishra,2,2,False,
1254077,2021-04-25,2021,Sunrisers Hyderabad,Delhi Capitals,"MA Chidambaram Stadium, Chepauk, Chennai",17,5,A Mishra,1,1,False,
1254077,2021-04-25,2021,Sunrisers Hyderabad,Delhi Capitals,"MA Chidambaram Stadium, Chepauk, Chennai",18,1,Avesh Khan,0,1,False,
1254077,2021-04-25,2021,Sunrisers Hyderabad,Delhi Capitals,"MA Chidambaram Stadium, Chepauk, Chennai",18,2,Avesh Khan,1,1,False,
1254077,2021-04-25,2021,Sunrisers Hyderabad,Delhi Capitals,"MA Chidambaram Stadium, Chepauk, Chennai",19,1,K Rabada,0,1,False,
1254077,2021-04-25,2021,Sunrisers Hyderabad,Delhi Capitals,"MA Chidambaram Stadium, Chepauk, Chennai",19,2,K Rabada,4,4,False,
1254077,2021-04-25,2021,Sunrisers Hyderabad,Delhi Capitals,"MA Chidambaram Stadium, Chepauk, Chennai",19,3,K Rabada,0,1,False,
1254077,2021-04-25,2021,Sunrisers Hyderabad,Delhi Capitals,"MA Chidambaram Stadium, Chepauk, Chennai",19,6,K Rabada,1,1,False,
1254077,2021-04-25,2021,Sunrisers Hyderabad,Delhi Capitals,"MA Chidambaram Stadium, Chepauk, Chennai",0,3,AR Patel,4,4,False,
1254077,2021-04-25,2021,Sunrisers Hyderabad,Delhi Capitals,"MA Chidambaram Stadium, Chepauk, Chennai",0,4,AR Patel,0,0,False,
1254077,2021-04-25,2021,Sunrisers Hyderabad,Delhi Capitals,"MA Chidambaram Stadium, Chepauk, Chennai",0,5,AR Patel,0,1,False,
1254080,2021-04-28,2021,Sunrisers Hyderabad,Chennai Super Kings,"Arun Jaitley Stadium, Delhi",17,4,L Ngidi,1,1,False,
1254080,2021-04-28,2021,Sunrisers Hyderabad,Chennai Super Kings,"Arun Jaitley Stadium, Delhi",17,7,L Ngidi,4,4,False,
1254080,2021-04-28,2021,Sunrisers Hyderabad,Chennai Super Kings,"Arun Jaitley Stadium, Delhi",18,2,SN Thakur,4,4,False,
1254080,2021-04-28,2021,Sunrisers Hyderabad,Chennai Super Kings,"Arun Jaitley Stadium, Delhi",18,3,SN Thakur,6,6,False,
1254080,2021-04-28,2021,Sunrisers Hyderabad,Chennai Super Kings,"Arun Jaitley Stadium, Delhi",18,4,SN Thakur,4,4,False,
1254080,2021-04-28,2021,Sunrisers Hyderabad,Chennai Super Kings,"Arun Jaitley Stadium, Delhi",18,5,SN Thakur,4,4,False,
1254080,2021-04-28,2021,Sunrisers Hyderabad,Chennai Super Kings,"Arun Jaitley Stadium, Delhi",18,6,SN Thakur,1,1,False,
1254080,2021-04-28,2021,Sunrisers Hyderabad,Chennai Super Kings,"Arun Jaitley Stadium, Delhi",19,1,SM Curran,1,1,False,
1254080,2021-04-28,2021,Sunrisers Hyderabad,Chennai Super Kings,"Arun Jaitley Stadium, Delhi",19,3,SM Curran,0,0,False,
1254080,2021-04-28,2021,Sunrisers Hyderabad,Chennai Super Kings,"Arun Jaitley Stadium, Delhi",19,4,SM Curran,1,1,False,
1254085,2021-05-02,2021,Sunrisers Hyderabad,Rajasthan Royals,"Arun Jaitley Stadium, Delhi",6,2,Mustafizur Rahman,0,1,False,
1254085,2021-05-02,2021,Sunrisers Hyderabad,Rajasthan Royals,"Arun Jaitley Stadium, Delhi",6,3,Mustafizur Rahman,0,0,False,
1254085,2021-05-02,2021,Sunrisers Hyderabad,Rajasthan Royals,"Arun Jaitley Stadium, Delhi",6,4,Mustafizur Rahman,1,1,False,
1254085,2021-05-02,2021,Sunrisers Hyderabad,Rajasthan Royals,"Arun Jaitley Stadium, Delhi",6,6,Mustafizur Rahman,0,0,False,
1254085,2021-05-02,2021,Sunrisers Hyderabad,Rajasthan Royals,"Arun Jaitley Stadium, Delhi",6,7,Mustafizur Rahman,1,1,False,
1254085,2021-05-02,2021,Sunrisers Hyderabad,Rajasthan Royals,"Arun Jaitley Stadium, Delhi",7,1,R Tewatia,2,2,False,
1254085,2021-05-02,2021,Sunrisers Hyderabad,Rajasthan Royals,"Arun Jaitley Stadium, Delhi",7,2,R Tewatia,1,1,False,
1254085,2021-05-02,2021,Sunrisers Hyderabad,Rajasthan Royals,"Arun Jaitley Stadium, Delhi",7,5,R Tewatia,1,1,False,
1254085,2021-05-02,2021,Sunrisers Hyderabad,Rajasthan Royals,"Arun Jaitley Stadium, Delhi",8,1,C Sakariya,0,0,False,
1254085,2021-05-02,2021,Sunrisers Hyderabad,Rajasthan Royals,"Arun Jaitley Stadium, Delhi",8,2,C Sakariya,1,1,False,
1254085,2021-05-02,2021,Sunrisers Hyderabad,Rajasthan Royals,"Arun Jaitley Stadium, Delhi",8,4,C Sakariya,1,1,False,
1254085,2021-05-02,2021,Sunrisers Hyderabad,Rajasthan Royals,"Arun Jaitley Stadium, Delhi",9,2,R Tewatia,1,1,False,
1254085,2021-05-02,2021,Sunrisers Hyderabad,Rajasthan Royals,"Arun Jaitley Stadium, Delhi",9,5,R Tewatia,1,1,False,
1254085,2021-05-02,2021,Sunrisers Hyderabad,Rajasthan Royals,"Arun Jaitley Stadium, Delhi",10,1,CH Morris,0,0,False,
1254085,2021-05-02,2021,Sunrisers Hyderabad,Rajasthan Royals,"Arun Jaitley Stadium, Delhi",10,2,CH Morris,2,2,False,
1254085,2021-05-02,2021,Sunrisers Hyderabad,Rajasthan Royals,"Arun Jaitley Stadium, Delhi",10,3,CH Morris,1,1,False,
1254085,2021-05-02,2021,Sunrisers Hyderabad,Rajasthan Royals,"Arun Jaitley Stadium, Delhi",10,5,CH Morris,1,1,False,
1254085,2021-05-02,2021,Sunrisers Hyderabad,Rajasthan Royals,"Arun Jaitley Stadium, Delhi",11,2,R Tewatia,1,1,False,
1254085,2021-05-02,2021,Sunrisers Hyderabad,Rajasthan Royals,"Arun Jaitley Stadium, Delhi",11,5,R Tewatia,1,1,False,
1254085,2021-05-02,2021,Sunrisers Hyderabad,Rajasthan Royals,"Arun Jaitley Stadium, Delhi",12,3,Kartik Tyagi,0,0,False,
1254085,2021-05-02,2021,Sunrisers Hyderabad,Rajasthan Royals,"Arun Jaitley Stadium, Delhi",12,4,Kartik Tyagi,4,4,False,
1254085,2021-05-02,2021,Sunrisers Hyderabad,Rajasthan Royals,"Arun Jaitley Stadium, Delhi",12,5,Kartik Tyagi,0,0,True,caught
1254091,2021-09-30,2021,Sunrisers Hyderabad,Chennai Super Kings,Sharjah Cricket Stadium,3,4,JR Hazlewood,1,1,False,
1254091,2021-09-30,2021,Sunrisers Hyderabad,Chennai Super Kings,Sharjah Cricket Stadium,3,6,JR Hazlewood,4,4,False,
1254091,2021-09-30,2021,Sunrisers Hyderabad,Chennai Super Kings,Sharjah Cricket Stadium,4,2,SN Thakur,0,0,False,
1254091,2021-09-30,2021,Sunrisers Hyderabad,Chennai Super Kings,Sharjah Cricket Stadium,4,3,SN Thakur,0,0,False,
1254091,2021-09-30,2021,Sunrisers Hyderabad,Chennai Super Kings,Sharjah Cricket Stadium,4,4,SN Thakur,1,1,False,
1254091,2021-09-30,2021,Sunrisers Hyderabad,Chennai Super Kings,Sharjah Cricket Stadium,5,1,DL Chahar,0,0,False,
1254091,2021-09-30,2021,Sunrisers Hyderabad,Chennai Super Kings,Sharjah Cricket Stadium,5,2,DL Chahar,0,0,False,
1254091,2021-09-30,2021,Sunrisers Hyderabad,Chennai Super Kings,Sharjah Cricket Stadium,5,3,DL Chahar,4,4,False,
1254091,2021-09-30,2021,Sunrisers Hyderabad,Chennai Super Kings,Sharjah Cricket Stadium,5,4,DL Chahar,1,1,False,
1254091,2021-09-30,2021,Sunrisers Hyderabad,Chennai Super Kings,Sharjah Cricket Stadium,6,2,DJ Bravo,0,0,False,
1254091,2021-09-30,2021,Sunrisers Hyderabad,Chennai Super Kings,Sharjah Cricket Stadium,6,3,DJ Bravo,0,1,False,
1254091,2021-09-30,2021,Sunrisers Hyderabad,Chennai Super Kings,Sharjah Cricket Stadium,6,4,DJ Bravo,0,0,True,lbw
1254095,2021-10-06,2021,Sunrisers Hyderabad,Royal Challengers Bangalore,"Zayed Cricket Stadium, Abu Dhabi",2,1,Mohammed Siraj,0,1,False,
1254095,2021-10-06,2021,Sunrisers Hyderabad,Royal Challengers Bangalore,"Zayed Cricket Stadium, Abu Dhabi",2,2,Mohammed Siraj,0,0,False,
1254095,2021-10-06,2021,Sunrisers Hyderabad,Royal Challengers Bangalore,"Zayed Cricket Stadium, Abu Dhabi",2,3,Mohammed Siraj,0,0,False,
1254095,2021-10-06,2021,Sunrisers Hyderabad,Royal Challengers Bangalore,"Zayed Cricket Stadium, Abu Dhabi",2,4,Mohammed Siraj,0,0,False,
1254095,2021-10-06,2021,Sunrisers Hyderabad,Royal Challengers Bangalore,"Zayed Cricket Stadium, Abu Dhabi",2,5,Mohammed Siraj,4,4,False,
1254095,2021-10-06,2021,Sunrisers Hyderabad,Royal Challengers Bangalore,"Zayed Cricket Stadium, Abu Dhabi",2,6,Mohammed Siraj,0,0,False,
1254095,2021-10-06,2021,Sunrisers Hyderabad,Royal Challengers Bangalore,"Zayed Cricket Stadium, Abu Dhabi",2,7,Mohammed Siraj,4,4,False,
1254095,2021-10-06,2021,Sunrisers Hyderabad,Royal Challengers Bangalore,"Zayed Cricket Stadium, Abu Dhabi",3,3,Shahbaz Ahmed,1,1,False,
1254095,2021-10-06,2021,Sunrisers Hyderabad,Royal Challengers Bangalore,"Zayed Cricket Stadium, Abu Dhabi",4,3,GHS Garton,0,1,False,
1254095,2021-10-06,2021,Sunrisers Hyderabad,Royal Challengers Bangalore,"Zayed Cricket Stadium, Abu Dhabi",4,4,GHS Garton,4,4,False,
1254095,2021-10-06,2021,Sunrisers Hyderabad,Royal Challengers Bangalore,"Zayed Cricket Stadium, Abu Dhabi",4,5,GHS Garton,1,1,False,
1254095,2021-10-06,2021,Sunrisers Hyderabad,Royal Challengers Bangalore,"Zayed Cricket Stadium, Abu Dhabi",4,8,GHS Garton,4,4,False,
1254095,2021-10-06,2021,Sunrisers Hyderabad,Royal Challengers Bangalore,"Zayed Cricket Stadium, Abu Dhabi",5,2,Shahbaz Ahmed,0,0,False,
1254095,2021-10-06,2021,Sunrisers Hyderabad,Royal Challengers Bangalore,"Zayed Cricket Stadium, Abu Dhabi",5,3,Shahbaz Ahmed,1,1,False,
1254095,2021-10-06,2021,Sunrisers Hyderabad,Royal Challengers Bangalore,"Zayed Cricket Stadium, Abu Dhabi",6,6,HV Patel,1,1,False,
1254095,2021-10-06,2021,Sunrisers Hyderabad,Royal Challengers Bangalore,"Zayed Cricket Stadium, Abu Dhabi",7,1,YS Chahal,0,0,False,
1254095,2021-10-06,2021,Sunrisers Hyderabad,Royal Challengers Bangalore,"Zayed Cricket Stadium, Abu Dhabi",7,2,YS Chahal,2,2,False,
1254095,2021-10-06,2021,Sunrisers Hyderabad,Royal Challengers Bangalore,"Zayed Cricket Stadium, Abu Dhabi",7,3,YS Chahal,0,0,False,
1254095,2021-10-06,2021,Sunrisers Hyderabad,Royal Challengers Bangalore,"Zayed Cricket Stadium, Abu Dhabi",7,4,YS Chahal,0,0,False,
1254095,2021-10-06,2021,Sunrisers Hyderabad,Royal Challengers Bangalore,"Zayed Cricket Stadium, Abu Dhabi",7,5,YS Chahal,0,0,False,
1254095,2021-10-06,2021,Sunrisers Hyderabad,Royal Challengers Bangalore,"Zayed Cricket Stadium, Abu Dhabi",7,6,YS Chahal,1,1,False,
1254095,2021-10-06,2021,Sunrisers Hyderabad,Royal Challengers Bangalore,"Zayed Cricket Stadium, Abu Dhabi",8,1,Shahbaz Ahmed,0,0,False,
1254095,2021-10-06,2021,Sunrisers Hyderabad,Royal Challengers Bangalore,"Zayed Cricket Stadium, Abu Dhabi",8,2,Shahbaz Ahmed,1,1,False,
1254095,2021-10-06,2021,Sunrisers Hyderabad,Royal Challengers Bangalore,"Zayed Cricket Stadium, Abu Dhabi",8,4,Shahbaz Ahmed,2,2,False,
1254095,2021-10-06,2021,Sunrisers Hyderabad,Royal Challengers Bangalore,"Zayed Cricket Stadium, Abu Dhabi",8,5,Shahbaz Ahmed,1,1,False,
1254095,2021-10-06,2021,Sunrisers Hyderabad,Royal Challengers Bangalore,"Zayed Cricket Stadium, Abu Dhabi",9,6,YS Chahal,0,0,False,
1254095,2021-10-06,2021,Sunrisers Hyderabad,Royal Challengers Bangalore,"Zayed Cricket Stadium, Abu Dhabi",10,2,Shahbaz Ahmed,1,1,False,
1254095,2021-10-06,2021,Sunrisers Hyderabad,Royal Challengers Bangalore,"Zayed Cricket Stadium, Abu Dhabi",10,4,Shahbaz Ahmed,1,1,False,
1254095,2021-10-06,2021,Sunrisers Hyderabad,Royal Challengers Bangalore,"Zayed Cricket Stadium, Abu Dhabi",10,6,Shahbaz Ahmed,0,0,False,
1254095,2021-10-06,2021,Sunrisers Hyderabad,Royal Challengers Bangalore,"Zayed Cricket Stadium, Abu Dhabi",11,2,HV Patel,2,2,False,
1254095,2021-10-06,2021,Sunrisers Hyderabad,Royal Challengers Bangalore,"Zayed Cricket Stadium, Abu Dhabi",11,3,HV Patel,0,0,True,bowled
1254100,2021-09-27,2021,Sunrisers Hyderabad,Rajasthan Royals,Dubai International Cricket Stadium,5,2,MK Lomror,4,4,False,
1254100,2021-09-27,2021,Sunrisers Hyderabad,Rajasthan Royals,Dubai International Cricket Stadium,5,3,MK Lomror,0,0,False,
1254100,2021-09-27,2021,Sunrisers Hyderabad,Rajasthan Royals,Dubai International Cricket Stadium,5,4,MK Lomror,1,1,False,
1254100,2021-09-27,2021,Sunrisers Hyderabad,Rajasthan Royals,Dubai International Cricket Stadium,6,3,R Tewatia,1,1,False,
1254100,2021-09-27,2021,Sunrisers Hyderabad,Rajasthan Royals,Dubai International Cricket Stadium,6,5,R Tewatia,1,1,False,
1254100,2021-09-27,2021,Sunrisers Hyderabad,Rajasthan Royals,Dubai International Cricket Stadium,7,2,MK Lomror,2,2,False,
1254100,2021-09-27,2021,Sunrisers Hyderabad,Rajasthan Royals,Dubai International Cricket Stadium,7,3,MK Lomror,2,2,False,
1254100,2021-09-27,2021,Sunrisers Hyderabad,Rajasthan Royals,Dubai International Cricket Stadium,7,4,MK Lomror,0,0,False,
1254100,2021-09-27,2021,Sunrisers Hyderabad,Rajasthan Royals,Dubai International Cricket Stadium,7,5,MK Lomror,1,1,False,
1254100,2021-09-27,2021,Sunrisers Hyderabad,Rajasthan Royals,Dubai International Cricket Stadium,8,2,R Tewatia,1,1,False,
1254100,2021-09-27,2021,Sunrisers Hyderabad,Rajasthan Royals,Dubai International Cricket Stadium,8,5,R Tewatia,1,1,False,
1254100,2021-09-27,2021,Sunrisers Hyderabad,Rajasthan Royals,Dubai International Cricket Stadium,9,1,MK Lomror,0,0,False,
1254100,2021-09-27,2021,Sunrisers Hyderabad,Rajasthan Royals,Dubai International Cricket Stadium,9,2,MK Lomror,1,1,False,
1254100,2021-09-27,2021,Sunrisers Hyderabad,Rajasthan Royals,Dubai International Cricket Stadium,9,5,MK Lomror,6,6,False,
1254100,2021-09-27,2021,Sunrisers Hyderabad,Rajasthan Royals,Dubai International Cricket Stadium,9,6,MK Lomror,1,1,False,
1254100,2021-09-27,2021,Sunrisers Hyderabad,Rajasthan Royals,Dubai International Cricket Stadium,10,1,R Tewatia,1,1,False,
1254100,2021-09-27,2021,Sunrisers Hyderabad,Rajasthan Royals,Dubai International Cricket Stadium,11,1,C Sakariya,1,1,False,
1254100,2021-09-27,2021,Sunrisers Hyderabad,Rajasthan Royals,Dubai International Cricket Stadium,11,3,C Sakariya,0,0,False,
1254100,2021-09-27,2021,Sunrisers Hyderabad,Rajasthan Royals,Dubai International Cricket Stadium,11,4,C Sakariya,1,1,False,
1254100,2021-09-27,2021,Sunrisers Hyderabad,Rajasthan Royals,Dubai International Cricket Stadium,12,1,Mustafizur Rahman,0,0,False,
1254100,2021-09-27,2021,Sunrisers Hyderabad,Rajasthan Royals,Dubai International Cricket Stadium,12,2,Mustafizur Rahman,0,0,False,
1254100,2021-09-27,2021,Sunrisers Hyderabad,Rajasthan Royals,Dubai International Cricket Stadium,12,3,Mustafizur Rahman,4,4,False,
1254100,2021-09-27,2021,Sunrisers Hyderabad,Rajasthan Royals,Dubai International Cricket Stadium,12,4,Mustafizur Rahman,0,0,False,
1254100,2021-09-27,2021,Sunrisers Hyderabad,Rajasthan Royals,Dubai International Cricket Stadium,12,5,Mustafizur Rahman,1,1,False,
1254100,2021-09-27,2021,Sunrisers Hyderabad,Rajasthan Royals,Dubai International Cricket Stadium,13,1,C Sakariya,0,1,False,
1254100,2021-09-27,2021,Sunrisers Hyderabad,Rajasthan Royals,Dubai International Cricket Stadium,13,2,C Sakariya,0,0,False,
1254100,2021-09-27,2021,Sunrisers Hyderabad,Rajasthan Royals,Dubai International Cricket Stadium,13,3,C Sakariya,1,1,False,
1254100,2021-09-27,2021,Sunrisers Hyderabad,Rajasthan Royals,Dubai International Cricket Stadium,13,5,C Sakariya,1,1,False,
1254100,2021-09-27,2021,Sunrisers Hyderabad,Rajasthan Royals,Dubai International Cricket Stadium,14,4,CH Morris,0,0,False,
1254100,2021-09-27,2021,Sunrisers Hyderabad,Rajasthan Royals,Dubai International Cricket Stadium,14,5,CH Morris,1,1,False,
1254100,2021-09-27,2021,Sunrisers Hyderabad,Rajasthan Royals,Dubai International Cricket Stadium,15,2,C Sakariya,0,0,False,
1254100,2021-09-27,2021,Sunrisers Hyderabad,Rajasthan Royals,Dubai International Cricket Stadium,15,3,C Sakariya,0,0,False,
1254100,2021-09-27,2021,Sunrisers Hyderabad,Rajasthan Royals,Dubai International Cricket Stadium,15,4,C Sakariya,1,1,False,
1254100,2021-09-27,2021,Sunrisers Hyderabad,Rajasthan Royals,Dubai International Cricket Stadium,15,7,C Sakariya,2,2,False,
1254100,2021-09-27,2021,Sunrisers Hyderabad,Rajasthan Royals,Dubai International Cricket Stadium,16,4,Mustafizur Rahman,0,1,False,
1254100,2021-09-27,2021,Sunrisers Hyderabad,Rajasthan Royals,Dubai International Cricket Stadium,16,5,Mustafizur Rahman,0,0,False,
1254100,2021-09-27,2021,Sunrisers Hyderabad,Rajasthan Royals,Dubai International Cricket Stadium,16,6,Mustafizur Rahman,1,1,False,
1254100,2021-09-27,2021,Sunrisers Hyderabad,Rajasthan Royals,Dubai International Cricket Stadium,17,3,C Sakariya,1,1,False,
1254100,2021-09-27,2021,Sunrisers Hyderabad,Rajasthan Royals,Dubai International Cricket Stadium,17,6,C Sakariya,4,4,False,
1254100,2021-09-27,2021,Sunrisers Hyderabad,Rajasthan Royals,Dubai International Cricket Stadium,17,7,C Sakariya,0,1,False,
1254100,2021-09-27,2021,Sunrisers Hyderabad,Rajasthan Royals,Dubai International Cricket Stadium,17,8,C Sakariya,1,1,False,
1254100,2021-09-27,2021,Sunrisers Hyderabad,Rajasthan Royals,Dubai International Cricket Stadium,18,1,Mustafizur Rahman,0,0,False,
1254100,2021-09-27,2021,Sunrisers Hyderabad,Rajasthan Royals,Dubai International Cricket Stadium,18,2,Mustafizur Rahman,4,4,False,
1254100,2021-09-27,2021,Sunrisers Hyderabad,Rajasthan Royals,Dubai International Cricket Stadium,18,3,Mustafizur Rahman,4,4,False,
1254105,2021-09-22,2021,Sunrisers Hyderabad,Delhi Capitals,Dubai International Cricket Stadium,0,4,A Nortje,2,2,False,
1254105,2021-09-22,2021,Sunrisers Hyderabad,Delhi Capitals,Dubai International Cricket Stadium,0,5,A Nortje,0,0,False,
1254105,2021-09-22,2021,Sunrisers Hyderabad,Delhi Capitals,Dubai International Cricket Stadium,0,6,A Nortje,0,4,False,
1254105,2021-09-22,2021,Sunrisers Hyderabad,Delhi Capitals,Dubai International Cricket Stadium,1,3,Avesh Khan,1,1,False,
1254105,2021-09-22,2021,Sunrisers Hyderabad,Delhi Capitals,Dubai International Cricket Stadium,2,1,A Nortje,1,1,False,
1254105,2021-09-22,2021,Sunrisers Hyderabad,Delhi Capitals,Dubai International Cricket Stadium,2,3,A Nortje,0,0,False,
1254105,2021-09-22,2021,Sunrisers Hyderabad,Delhi Capitals,Dubai International Cricket Stadium,2,4,A Nortje,1,1,False,
1254105,2021-09-22,2021,Sunrisers Hyderabad,Delhi Capitals,Dubai International Cricket Stadium,3,3,AR Patel,0,0,False,
1254105,2021-09-22,2021,Sunrisers Hyderabad,Delhi Capitals,Dubai International Cricket Stadium,3,4,AR Patel,1,1,False,
1254105,2021-09-22,2021,Sunrisers Hyderabad,Delhi Capitals,Dubai International Cricket Stadium,3,6,AR Patel,0,0,False,
1254105,2021-09-22,2021,Sunrisers Hyderabad,Delhi Capitals,Dubai International Cricket Stadium,5,4,Avesh Khan,0,0,False,
1254105,2021-09-22,2021,Sunrisers Hyderabad,Delhi Capitals,Dubai International Cricket Stadium,5,5,Avesh Khan,0,0,False,
1254105,2021-09-22,2021,Sunrisers Hyderabad,Delhi Capitals,Dubai International Cricket Stadium,5,6,Avesh Khan,0,0,False,
1254105,2021-09-22,2021,Sunrisers Hyderabad,Delhi Capitals,Dubai International Cricket Stadium,6,2,MP Stoinis,0,1,False,
1254105,2021-09-22,2021,Sunrisers Hyderabad,Delhi Capitals,Dubai International Cricket Stadium,6,4,MP Stoinis,1,1,False,
1254105,2021-09-22,2021,Sunrisers Hyderabad,Delhi Capitals,Dubai International Cricket Stadium,7,4,AR Patel,1,1,False,
1254105,2021-09-22,2021,Sunrisers Hyderabad,Delhi Capitals,Dubai International Cricket Stadium,7,6,AR Patel,1,1,False,
1254105,2021-09-22,2021,Sunrisers Hyderabad,Delhi Capitals,Dubai International Cricket Stadium,8,1,MP Stoinis,2,2,False,
1254105,2021-09-22,2021,Sunrisers Hyderabad,Delhi Capitals,Dubai International Cricket Stadium,8,2,R Ashwin,4,4,False,
1254105,2021-09-22,2021,Sunrisers Hyderabad,Delhi Capitals,Dubai International Cricket Stadium,8,3,R Ashwin,0,1,False,
1254105,2021-09-22,2021,Sunrisers Hyderabad,Delhi Capitals,Dubai International Cricket Stadium,8,4,R Ashwin,1,2,False,
1254105,2021-09-22,2021,Sunrisers Hyderabad,Delhi Capitals,Dubai International Cricket Stadium,8,7,R Ashwin,0,0,False,
1254105,2021-09-22,2021,Sunrisers Hyderabad,Delhi Capitals,Dubai International Cricket Stadium,8,8,R Ashwin,1,1,False,
1254105,2021-09-22,2021,Sunrisers Hyderabad,Delhi Capitals,Dubai International Cricket Stadium,9,1,AR Patel,0,0,False,
1254105,2021-09-22,2021,Sunrisers Hyderabad,Delhi Capitals,Dubai International Cricket Stadium,9,2,AR Patel,1,1,False,
1254105,2021-09-22,2021,Sunrisers Hyderabad,Delhi Capitals,Dubai International Cricket Stadium,9,4,AR Patel,0,0,False,
1254105,2021-09-22,2021,Sunrisers Hyderabad,Delhi Capitals,Dubai International Cricket Stadium,9,5,AR Patel,0,0,True,caught
1254107,2021-09-25,2021,Sunrisers Hyderabad,Punjab Kings,Sharjah Cricket Stadium,0,4,Mohammed Shami,0,0,False,
1254107,2021-09-25,2021,Sunrisers Hyderabad,Punjab Kings,Sharjah Cricket Stadium,0,5,Mohammed Shami,0,0,False,
1254107,2021-09-25,2021,Sunrisers Hyderabad,Punjab Kings,Sharjah Cricket Stadium,0,6,Mohammed Shami,0,0,False,
1254107,2021-09-25,2021,Sunrisers Hyderabad,Punjab Kings,Sharjah Cricket Stadium,1,5,Arshdeep Singh,1,1,False,
1254107,2021-09-25,2021,Sunrisers Hyderabad,Punjab Kings,Sharjah Cricket Stadium,2,1,Mohammed Shami,0,0,False,
1254107,2021-09-25,2021,Sunrisers Hyderabad,Punjab Kings,Sharjah Cricket Stadium,2,2,Mohammed Shami,0,0,True,bowled
1254109,2021-10-03,2021,Sunrisers Hyderabad,Kolkata Knight Riders,Dubai International Cricket Stadium,0,3,TG Southee,0,0,False,
1254109,2021-10-03,2021,Sunrisers Hyderabad,Kolkata Knight Riders,Dubai International Cricket Stadium,0,4,TG Southee,0,0,False,
1254109,2021-10-03,2021,Sunrisers Hyderabad,Kolkata Knight Riders,Dubai International Cricket Stadium,0,5,TG Southee,0,0,False,
1254109,2021-10-03,2021,Sunrisers Hyderabad,Kolkata Knight Riders,Dubai International Cricket Stadium,0,6,TG Southee,3,3,False,
1254109,2021-10-03,2021,Sunrisers Hyderabad,Kolkata Knight Riders,Dubai International Cricket Stadium,1,1,Shivam Mavi,0,0,False,
1254109,2021-10-03,2021,Sunrisers Hyderabad,Kolkata Knight Riders,Dubai International Cricket Stadium,1,2,Shivam Mavi,1,1,False,
1254109,2021-10-03,2021,Sunrisers Hyderabad,Kolkata Knight Riders,Dubai International Cricket Stadium,1,5,Shivam Mavi,0,0,False,
1254109,2021-10-03,2021,Sunrisers Hyderabad,Kolkata Knight Riders,Dubai International Cricket Stadium,1,6,Shivam Mavi,0,0,False,
1254109,2021-10-03,2021,Sunrisers Hyderabad,Kolkata Knight Riders,Dubai International Cricket Stadium,3,1,Shivam Mavi,1,1,False,
1254109,2021-10-03,2021,Sunrisers Hyderabad,Kolkata Knight Riders,Dubai International Cricket Stadium,4,1,CV Varun,0,0,False,
1254109,2021-10-03,2021,Sunrisers Hyderabad,Kolkata Knight Riders,Dubai International Cricket Stadium,4,2,CV Varun,0,0,False,
1254109,2021-10-03,2021,Sunrisers Hyderabad,Kolkata Knight Riders,Dubai International Cricket Stadium,4,3,CV Varun,1,1,False,
1254109,2021-10-03,2021,Sunrisers Hyderabad,Kolkata Knight Riders,Dubai International Cricket Stadium,5,1,Shivam Mavi,4,4,False,
1254109,2021-10-03,2021,Sunrisers Hyderabad,Kolkata Knight Riders,Dubai International Cricket Stadium,5,2,Shivam Mavi,0,0,False,
1254109,2021-10-03,2021,Sunrisers Hyderabad,Kolkata Knight Riders,Dubai International Cricket Stadium,5,3,Shivam Mavi,4,4,False,
1254109,2021-10-03,2021,Sunrisers Hyderabad,Kolkata Knight Riders,Dubai International Cricket Stadium,5,4,Shivam Mavi,2,2,False,
1254109,2021-10-03,2021,Sunrisers Hyderabad,Kolkata Knight Riders,Dubai International Cricket Stadium,5,5,Shivam Mavi,4,4,False,
1254109,2021-10-03,2021,Sunrisers Hyderabad,Kolkata Knight Riders,Dubai International Cricket Stadium,5,6,Shivam Mavi,4,4,False,
1254109,2021-10-03,2021,Sunrisers Hyderabad,Kolkata Knight Riders,Dubai International Cricket Stadium,6,3,Shakib Al Hasan,0,0,False,
1254109,2021-10-03,2021,Sunrisers Hyderabad,Kolkata Knight Riders,Dubai International Cricket Stadium,6,4,Shakib Al Hasan,2,2,False,
1254109,2021-10-03,2021,Sunrisers Hyderabad,Kolkata Knight Riders,Dubai International Cricket Stadium,6,5,Shakib Al Hasan,0,0,True,run out
1304051,2022-03-29,2022,Sunrisers Hyderabad,Rajasthan Royals,"Maharashtra Cricket Association Stadium, Pune",0,1,TA Boult,0,0,False,
1304051,2022-03-29,2022,Sunrisers Hyderabad,Rajasthan Royals,"Maharashtra Cricket Association Stadium, Pune",0,2,TA Boult,0,0,False,
1304051,2022-03-29,2022,Sunrisers Hyderabad,Rajasthan Royals,"Maharashtra Cricket Association Stadium, Pune",0,3,TA Boult,2,2,False,
1304051,2022-03-29,2022,Sunrisers Hyderabad,Rajasthan Royals,"Maharashtra Cricket Association Stadium, Pune",0,4,TA Boult,0,0,False,
1304051,2022-03-29,2022,Sunrisers Hyderabad,Rajasthan Royals,"Maharashtra Cricket Association Stadium, Pune",0,5,TA Boult,0,0,False,
1304051,2022-03-29,2022,Sunrisers Hyderabad,Rajasthan Royals,"Maharashtra Cricket Association Stadium, Pune",0,6,TA Boult,0,0,False,
1304051,2022-03-29,2022,Sunrisers Hyderabad,Rajasthan Royals,"Maharashtra Cricket Association Stadium, Pune",1,4,M Prasidh Krishna,0,0,True,caught
1304058,2022-04-04,2022,Sunrisers Hyderabad,Lucknow Super Giants,"Dr DY Patil Sports Academy, Mumbai",0,2,JO Holder,0,0,False,
1304058,2022-04-04,2022,Sunrisers Hyderabad,Lucknow Super Giants,"Dr DY Patil Sports Academy, Mumbai",0,3,JO Holder,0,0,False,
1304058,2022-04-04,2022,Sunrisers Hyderabad,Lucknow Super Giants,"Dr DY Patil Sports Academy, Mumbai",0,4,JO Holder,0,0,False,
1304058,2022-04-04,2022,Sunrisers Hyderabad,Lucknow Super Giants,"Dr DY Patil Sports Academy, Mumbai",0,5,JO Holder,1,1,False,
1304058,2022-04-04,2022,Sunrisers Hyderabad,Lucknow Super Giants,"Dr DY Patil Sports Academy, Mumbai",1,1,KH Pandya,1,1,False,
1304058,2022-04-04,2022,Sunrisers Hyderabad,Lucknow Super Giants,"Dr DY Patil Sports Academy, Mumbai",1,3,KH Pandya,0,0,False,
1304058,2022-04-04,2022,Sunrisers Hyderabad,Lucknow Super Giants,"Dr DY Patil Sports Academy, Mumbai",1,4,KH Pandya,1,1,False,
1304058,2022-04-04,2022,Sunrisers Hyderabad,Lucknow Super Giants,"Dr DY Patil Sports Academy, Mumbai",1,6,KH Pandya,1,1,False,
1304058,2022-04-04,2022,Sunrisers Hyderabad,Lucknow Super Giants,"Dr DY Patil Sports Academy, Mumbai",2,1,JO Holder,0,0,False,
1304058,2022-04-04,2022,Sunrisers Hyderabad,Lucknow Super Giants,"Dr DY Patil Sports Academy, Mumbai",2,2,JO Holder,1,1,False,
1304058,2022-04-04,2022,Sunrisers Hyderabad,Lucknow Super Giants,"Dr DY Patil Sports Academy, Mumbai",2,5,JO Holder,6,6,False,
1304058,2022-04-04,2022,Sunrisers Hyderabad,Lucknow Super Giants,"Dr DY Patil Sports Academy, Mumbai",2,6,JO Holder,0,0,False,
1304058,2022-04-04,2022,Sunrisers Hyderabad,Lucknow Super Giants,"Dr DY Patil Sports Academy, Mumbai",2,7,JO Holder,1,1,False,
1304058,2022-04-04,2022,Sunrisers Hyderabad,Lucknow Super Giants,"Dr DY Patil Sports Academy, Mumbai",3,1,Avesh Khan,4,4,False,
1304058,2022-04-04,2022,Sunrisers Hyderabad,Lucknow Super Giants,"Dr DY Patil Sports Academy, Mumbai",3,2,Avesh Khan,0,0,False,
1304058,2022-04-04,2022,Sunrisers Hyderabad,Lucknow Super Giants,"Dr DY Patil Sports Academy, Mumbai",3,3,Avesh Khan,0,0,True,caught
1304063,2022-04-09,2022,Sunrisers Hyderabad,Chennai Super Kings,"Dr DY Patil Sports Academy, Mumbai",0,2,Mukesh Choudhary,0,0,False,
1304063,2022-04-09,2022,Sunrisers Hyderabad,Chennai Super Kings,"Dr DY Patil Sports Academy, Mumbai",0,3,Mukesh Choudhary,0,0,False,
1304063,2022-04-09,2022,Sunrisers Hyderabad,Chennai Super Kings,"Dr DY Patil Sports Academy, Mumbai",0,4,Mukesh Choudhary,0,0,False,
1304063,2022-04-09,2022,Sunrisers Hyderabad,Chennai Super Kings,"Dr DY Patil Sports Academy, Mumbai",0,5,Mukesh Choudhary,0,0,False,
1304063,2022-04-09,2022,Sunrisers Hyderabad,Chennai Super Kings,"Dr DY Patil Sports Academy, Mumbai",0,6,Mukesh Choudhary,0,0,False,
1304063,2022-04-09,2022,Sunrisers Hyderabad,Chennai Super Kings,"Dr DY Patil Sports Academy, Mumbai",1,3,M Theekshana,0,0,False,
1304063,2022-04-09,2022,Sunrisers Hyderabad,Chennai Super Kings,"Dr DY Patil Sports Academy, Mumbai",1,4,M Theekshana,4,4,False,
1304063,2022-04-09,2022,Sunrisers Hyderabad,Chennai Super Kings,"Dr DY Patil Sports Academy, Mumbai",1,5,M Theekshana,0,0,False,
1304063,2022-04-09,2022,Sunrisers Hyderabad,Chennai Super Kings,"Dr DY Patil Sports Academy, Mumbai",1,6,M Theekshana,0,0,False,
1304063,2022-04-09,2022,Sunrisers Hyderabad,Chennai Super Kings,"Dr DY Patil Sports Academy, Mumbai",2,2,Mukesh Choudhary,0,0,False,
1304063,2022-04-09,2022,Sunrisers Hyderabad,Chennai Super Kings,"Dr DY Patil Sports Academy, Mumbai",2,3,Mukesh Choudhary,1,1,False,
1304063,2022-04-09,2022,Sunrisers Hyderabad,Chennai Super Kings,"Dr DY Patil Sports Academy, Mumbai",3,1,M Theekshana,1,1,False,
1304063,2022-04-09,2022,Sunrisers Hyderabad,Chennai Super Kings,"Dr DY Patil Sports Academy, Mumbai",3,4,M Theekshana,0,0,False,
1304063,2022-04-09,2022,Sunrisers Hyderabad,Chennai Super Kings,"Dr DY Patil Sports Academy, Mumbai",3,5,M Theekshana,1,1,False,
1304063,2022-04-09,2022,Sunrisers Hyderabad,Chennai Super Kings,"Dr DY Patil Sports Academy, Mumbai",4,1,CJ Jordan,0,0,False,
1304063,2022-04-09,2022,Sunrisers Hyderabad,Chennai Super Kings,"Dr DY Patil Sports Academy, Mumbai",4,2,CJ Jordan,0,0,False,
1304063,2022-04-09,2022,Sunrisers Hyderabad,Chennai Super Kings,"Dr DY Patil Sports Academy, Mumbai",4,3,CJ Jordan,0,0,False,
1304063,2022-04-09,2022,Sunrisers Hyderabad,Chennai Super Kings,"Dr DY Patil Sports Academy, Mumbai",4,4,CJ Jordan,1,1,False,
1304063,2022-04-09,2022,Sunrisers Hyderabad,Chennai Super Kings,"Dr DY Patil Sports Academy, Mumbai",5,1,M Theekshana,1,1,False,
1304063,2022-04-09,2022,Sunrisers Hyderabad,Chennai Super Kings,"Dr DY Patil Sports Academy, Mumbai",5,4,M Theekshana,0,0,False,
1304063,2022-04-09,2022,Sunrisers Hyderabad,Chennai Super Kings,"Dr DY Patil Sports Academy, Mumbai",5,5,M Theekshana,1,1,False,
1304063,2022-04-09,2022,Sunrisers Hyderabad,Chennai Super Kings,"Dr DY Patil Sports Academy, Mumbai",6,1,RA Jadeja,0,0,False,
1304063,2022-04-09,2022,Sunrisers Hyderabad,Chennai Super Kings,"Dr DY Patil Sports Academy, Mumbai",6,2,RA Jadeja,0,0,False,
1304063,2022-04-09,2022,Sunrisers Hyderabad,Chennai Super Kings,"Dr DY Patil Sports Academy, Mumbai",6,3,RA Jadeja,2,2,False,
1304063,2022-04-09,2022,Sunrisers Hyderabad,Chennai Super Kings,"Dr DY Patil Sports Academy, Mumbai",6,4,RA Jadeja,1,1,False,
1304063,2022-04-09,2022,Sunrisers Hyderabad,Chennai Super Kings,"Dr DY Patil Sports Academy, Mumbai",7,1,MM Ali,1,1,False,
1304063,2022-04-09,2022,Sunrisers Hyderabad,Chennai Super Kings,"Dr DY Patil Sports Academy, Mumbai",7,3,MM Ali,1,1,False,
1304063,2022-04-09,2022,Sunrisers Hyderabad,Chennai Super Kings,"Dr DY Patil Sports Academy, Mumbai",7,5,MM Ali,6,6,False,
1304063,2022-04-09,2022,Sunrisers Hyderabad,Chennai Super Kings,"Dr DY Patil Sports Academy, Mumbai",7,6,MM Ali,0,0,False,
1304063,2022-04-09,2022,Sunrisers Hyderabad,Chennai Super Kings,"Dr DY Patil Sports Academy, Mumbai",8,2,RA Jadeja,1,1,False,
1304063,2022-04-09,2022,Sunrisers Hyderabad,Chennai Super Kings,"Dr DY Patil Sports Academy, Mumbai",8,5,RA Jadeja,1,1,False,
1304063,2022-04-09,2022,Sunrisers Hyderabad,Chennai Super Kings,"Dr DY Patil Sports Academy, Mumbai",9,1,DJ Bravo,0,0,False,
1304063,2022-04-09,2022,Sunrisers Hyderabad,Chennai Super Kings,"Dr DY Patil Sports Academy, Mumbai",9,2,DJ Bravo,1,1,False,
1304063,2022-04-09,2022,Sunrisers Hyderabad,Chennai Super Kings,"Dr DY Patil Sports Academy, Mumbai",9,7,DJ Bravo,0,0,False,
1304063,2022-04-09,2022,Sunrisers Hyderabad,Chennai Super Kings,"Dr DY Patil Sports Academy, Mumbai",10,2,RA Jadeja,1,1,False,
1304063,2022-04-09,2022,Sunrisers Hyderabad,Chennai Super Kings,"Dr DY Patil Sports Academy, Mumbai",10,4,RA Jadeja,1,1,False,
1304063,2022-04-09,2022,Sunrisers Hyderabad,Chennai Super Kings,"Dr DY Patil Sports Academy, Mumbai",11,1,CJ Jordan,4,4,False,
1304063,2022-04-09,2022,Sunrisers Hyderabad,Chennai Super Kings,"Dr DY Patil Sports Academy, Mumbai",11,2,CJ Jordan,1,1,False,
1304063,2022-04-09,2022,Sunrisers Hyderabad,Chennai Super Kings,"Dr DY Patil Sports Academy, Mumbai",11,5,CJ Jordan,1,1,False,
1304063,2022-04-09,2022,Sunrisers Hyderabad,Chennai Super Kings,"Dr DY Patil Sports Academy, Mumbai",12,1,Mukesh Choudhary,0,0,True,caught
1304067,2022-04-11,2022,Sunrisers Hyderabad,Gujarat Titans,"Dr DY Patil Sports Academy, Mumbai",0,2,Mohammed Shami,2,2,False,
1304067,2022-04-11,2022,Sunrisers Hyderabad,Gujarat Titans,"Dr DY Patil Sports Academy, Mumbai",0,3,Mohammed Shami,0,0,False,
1304067,2022-04-11,2022,Sunrisers Hyderabad,Gujarat Titans,"Dr DY Patil Sports Academy, Mumbai",0,4,Mohammed Shami,0,0,False,
1304067,2022-04-11,2022,Sunrisers Hyderabad,Gujarat Titans,"Dr DY Patil Sports Academy, Mumbai",0,5,Mohammed Shami,1,1,False,
1304067,2022-04-11,2022,Sunrisers Hyderabad,Gujarat Titans,"Dr DY Patil Sports Academy, Mumbai",1,1,HH Pandya,0,0,False,
1304067,2022-04-11,2022,Sunrisers Hyderabad,Gujarat Titans,"Dr DY Patil Sports Academy, Mumbai",1,2,HH Pandya,0,0,False,
1304067,2022-04-11,2022,Sunrisers Hyderabad,Gujarat Titans,"Dr DY Patil Sports Academy, Mumbai",1,3,HH Pandya,0,0,False,
1304067,2022-04-11,2022,Sunrisers Hyderabad,Gujarat Titans,"Dr DY Patil Sports Academy, Mumbai",1,4,HH Pandya,0,0,False,
1304067,2022-04-11,2022,Sunrisers Hyderabad,Gujarat Titans,"Dr DY Patil Sports Academy, Mumbai",1,5,HH Pandya,1,1,False,
1304067,2022-04-11,2022,Sunrisers Hyderabad,Gujarat Titans,"Dr DY Patil Sports Academy, Mumbai",2,1,Mohammed Shami,1,1,False,
1304067,2022-04-11,2022,Sunrisers Hyderabad,Gujarat Titans,"Dr DY Patil Sports Academy, Mumbai",3,3,HH Pandya,0,0,False,
1304067,2022-04-11,2022,Sunrisers Hyderabad,Gujarat Titans,"Dr DY Patil Sports Academy, Mumbai",3,4,HH Pandya,1,1,False,
1304067,2022-04-11,2022,Sunrisers Hyderabad,Gujarat Titans,"Dr DY Patil Sports Academy, Mumbai",3,6,HH Pandya,1,1,False,
1304067,2022-04-11,2022,Sunrisers Hyderabad,Gujarat Titans,"Dr DY Patil Sports Academy, Mumbai",4,1,Mohammed Shami,4,4,False,
1304067,2022-04-11,2022,Sunrisers Hyderabad,Gujarat Titans,"Dr DY Patil Sports Academy, Mumbai",4,2,Mohammed Shami,6,6,False,
1304067,2022-04-11,2022,Sunrisers Hyderabad,Gujarat Titans,"Dr DY Patil Sports Academy, Mumbai",4,3,Mohammed Shami,1,1,False,
1304067,2022-04-11,2022,Sunrisers Hyderabad,Gujarat Titans,"Dr DY Patil Sports Academy, Mumbai",6,2,Rashid Khan,1,1,False,
1304067,2022-04-11,2022,Sunrisers Hyderabad,Gujarat Titans,"Dr DY Patil Sports Academy, Mumbai",6,6,Rashid Khan,0,0,False,
1304067,2022-04-11,2022,Sunrisers Hyderabad,Gujarat Titans,"Dr DY Patil Sports Academy, Mumbai",7,5,DG Nalkande,0,0,False,
1304067,2022-04-11,2022,Sunrisers Hyderabad,Gujarat Titans,"Dr DY Patil Sports Academy, Mumbai",7,6,DG Nalkande,2,2,False,
1304067,2022-04-11,2022,Sunrisers Hyderabad,Gujarat Titans,"Dr DY Patil Sports Academy, Mumbai",8,4,Rashid Khan,1,1,False,
1304067,2022-04-11,2022,Sunrisers Hyderabad,Gujarat Titans,"Dr DY Patil Sports Academy, Mumbai",9,1,DG Nalkande,0,0,False,
1304067,2022-04-11,2022,Sunrisers Hyderabad,Gujarat Titans,"Dr DY Patil Sports Academy, Mumbai",9,2,DG Nalkande,2,2,False,
1304067,2022-04-11,2022,Sunrisers Hyderabad,Gujarat Titans,"Dr DY Patil Sports Academy, Mumbai",9,3,DG Nalkande,1,1,False,
1304067,2022-04-11,2022,Sunrisers Hyderabad,Gujarat Titans,"Dr DY Patil Sports Academy, Mumbai",9,7,DG Nalkande,0,0,False,
1304067,2022-04-11,2022,Sunrisers Hyderabad,Gujarat Titans,"Dr DY Patil Sports Academy, Mumbai",10,3,LH Ferguson,0,0,False,
1304067,2022-04-11,2022,Sunrisers Hyderabad,Gujarat Titans,"Dr DY Patil Sports Academy, Mumbai",10,4,LH Ferguson,0,1,False,
1304067,2022-04-11,2022,Sunrisers Hyderabad,Gujarat Titans,"Dr DY Patil Sports Academy, Mumbai",10,6,LH Ferguson,0,0,False,
1304067,2022-04-11,2022,Sunrisers Hyderabad,Gujarat Titans,"Dr DY Patil Sports Academy, Mumbai",11,3,Rashid Khan,0,0,False,
1304067,2022-04-11,2022,Sunrisers Hyderabad,Gujarat Titans,"Dr DY Patil Sports Academy, Mumbai",11,4,Rashid Khan,1,1,False,
1304067,2022-04-11,2022,Sunrisers Hyderabad,Gujarat Titans,"Dr DY Patil Sports Academy, Mumbai",11,6,Rashid Khan,1,1,False,
1304067,2022-04-11,2022,Sunrisers Hyderabad,Gujarat Titans,"Dr DY Patil Sports Academy, Mumbai",12,1,HH Pandya,0,0,False,
1304067,2022-04-11,2022,Sunrisers Hyderabad,Gujarat Titans,"Dr DY Patil Sports Academy, Mumbai",12,2,HH Pandya,6,6,False,
1304067,2022-04-11,2022,Sunrisers Hyderabad,Gujarat Titans,"Dr DY Patil Sports Academy, Mumbai",12,3,HH Pandya,6,6,False,
1304067,2022-04-11,2022,Sunrisers Hyderabad,Gujarat Titans,"Dr DY Patil Sports Academy, Mumbai",12,4,HH Pandya,2,2,False,
1304067,2022-04-11,2022,Sunrisers Hyderabad,Gujarat Titans,"Dr DY Patil Sports Academy, Mumbai",12,5,HH Pandya,1,1,False,
1304067,2022-04-11,2022,Sunrisers Hyderabad,Gujarat Titans,"Dr DY Patil Sports Academy, Mumbai",13,4,R Tewatia,1,1,False,
1304067,2022-04-11,2022,Sunrisers Hyderabad,Gujarat Titans,"Dr DY Patil Sports Academy, Mumbai",13,6,R Tewatia,1,1,False,
1304067,2022-04-11,2022,Sunrisers Hyderabad,Gujarat Titans,"Dr DY Patil Sports Academy, Mumbai",14,1,Rashid Khan,1,1,False,
1304067,2022-04-11,2022,Sunrisers Hyderabad,Gujarat Titans,"Dr DY Patil Sports Academy, Mumbai",14,5,Rashid Khan,1,1,False,
1304067,2022-04-11,2022,Sunrisers Hyderabad,Gujarat Titans,"Dr DY Patil Sports Academy, Mumbai",15,2,LH Ferguson,0,0,False,
1304067,2022-04-11,2022,Sunrisers Hyderabad,Gujarat Titans,"Dr DY Patil Sports Academy, Mumbai",15,3,LH Ferguson,6,6,False,
1304067,2022-04-11,2022,Sunrisers Hyderabad,Gujarat Titans,"Dr DY Patil Sports Academy, Mumbai",15,4,LH Ferguson,0,1,False,
1304067,2022-04-11,2022,Sunrisers Hyderabad,Gujarat Titans,"Dr DY Patil Sports Academy, Mumbai",15,5,LH Ferguson,4,4,False,
1304067,2022-04-11,2022,Sunrisers Hyderabad,Gujarat Titans,"Dr DY Patil Sports Academy, Mumbai",15,6,LH Ferguson,0,0,False,
1304067,2022-04-11,2022,Sunrisers Hyderabad,Gujarat Titans,"Dr DY Patil Sports Academy, Mumbai",15,7,LH Ferguson,1,1,False,
1304067,2022-04-11,2022,Sunrisers Hyderabad,Gujarat Titans,"Dr DY Patil Sports Academy, Mumbai",16,1,HH Pandya,0,0,True,caught
1304071,2022-04-15,2022,Sunrisers Hyderabad,Kolkata Knight Riders,"Brabourne Stadium, Mumbai",1,7,PJ Cummins,4,4,False,
1304071,2022-04-15,2022,Sunrisers Hyderabad,Kolkata Knight Riders,"Brabourne Stadium, Mumbai",2,3,UT Yadav,0,0,False,
1304071,2022-04-15,2022,Sunrisers Hyderabad,Kolkata Knight Riders,"Brabourne Stadium, Mumbai",2,4,UT Yadav,0,0,False,
1304071,2022-04-15,2022,Sunrisers Hyderabad,Kolkata Knight Riders,"Brabourne Stadium, Mumbai",2,5,UT Yadav,0,0,False,
1304071,2022-04-15,2022,Sunrisers Hyderabad,Kolkata Knight Riders,"Brabourne Stadium, Mumbai",2,6,UT Yadav,1,1,False,
1304071,2022-04-15,2022,Sunrisers Hyderabad,Kolkata Knight Riders,"Brabourne Stadium, Mumbai",3,1,PJ Cummins,1,1,False,
1304071,2022-04-15,2022,Sunrisers Hyderabad,Kolkata Knight Riders,"Brabourne Stadium, Mumbai",3,4,PJ Cummins,0,0,False,
1304071,2022-04-15,2022,Sunrisers Hyderabad,Kolkata Knight Riders,"Brabourne Stadium, Mumbai",3,5,PJ Cummins,0,5,False,
1304071,2022-04-15,2022,Sunrisers Hyderabad,Kolkata Knight Riders,"Brabourne Stadium, Mumbai",3,6,PJ Cummins,0,0,False,
1304071,2022-04-15,2022,Sunrisers Hyderabad,Kolkata Knight Riders,"Brabourne Stadium, Mumbai",3,7,PJ Cummins,1,1,False,
1304071,2022-04-15,2022,Sunrisers Hyderabad,Kolkata Knight Riders,"Brabourne Stadium, Mumbai",4,1,UT Yadav,1,1,False,
1304071,2022-04-15,2022,Sunrisers Hyderabad,Kolkata Knight Riders,"Brabourne Stadium, Mumbai",4,3,UT Yadav,4,4,False,
1304071,2022-04-15,2022,Sunrisers Hyderabad,Kolkata Knight Riders,"Brabourne Stadium, Mumbai",4,4,UT Yadav,0,0,False,
1304071,2022-04-15,2022,Sunrisers Hyderabad,Kolkata Knight Riders,"Brabourne Stadium, Mumbai",4,5,UT Yadav,0,0,False,
1304071,2022-04-15,2022,Sunrisers Hyderabad,Kolkata Knight Riders,"Brabourne Stadium, Mumbai",4,6,UT Yadav,0,1,False,
1304071,2022-04-15,2022,Sunrisers Hyderabad,Kolkata Knight Riders,"Brabourne Stadium, Mumbai",4,7,UT Yadav,1,1,False,
1304071,2022-04-15,2022,Sunrisers Hyderabad,Kolkata Knight Riders,"Brabourne Stadium, Mumbai",5,1,AD Russell,4,4,False,
1304071,2022-04-15,2022,Sunrisers Hyderabad,Kolkata Knight Riders,"Brabourne Stadium, Mumbai",5,2,AD Russell,0,0,True,bowled
1304074,2022-04-17,2022,Sunrisers Hyderabad,Punjab Kings,"Dr DY Patil Sports Academy, Mumbai",0,3,VG Arora,1,1,False,
1304074,2022-04-17,2022,Sunrisers Hyderabad,Punjab Kings,"Dr DY Patil Sports Academy, Mumbai",1,1,K Rabada,0,0,False,
1304074,2022-04-17,2022,Sunrisers Hyderabad,Punjab Kings,"Dr DY Patil Sports Academy, Mumbai",1,2,K Rabada,0,0,False,
1304074,2022-04-17,2022,Sunrisers Hyderabad,Punjab Kings,"Dr DY Patil Sports Academy, Mumbai",1,3,K Rabada,0,0,False,
1304074,2022-04-17,2022,Sunrisers Hyderabad,Punjab Kings,"Dr DY Patil Sports Academy, Mumbai",1,4,K Rabada,0,0,False,
1304074,2022-04-17,2022,Sunrisers Hyderabad,Punjab Kings,"Dr DY Patil Sports Academy, Mumbai",1,5,K Rabada,1,1,False,
1304074,2022-04-17,2022,Sunrisers Hyderabad,Punjab Kings,"Dr DY Patil Sports Academy, Mumbai",2,3,VG Arora,0,0,False,
1304074,2022-04-17,2022,Sunrisers Hyderabad,Punjab Kings,"Dr DY Patil Sports Academy, Mumbai",2,4,VG Arora,1,1,False,
1304074,2022-04-17,2022,Sunrisers Hyderabad,Punjab Kings,"Dr DY Patil Sports Academy, Mumbai",3,1,K Rabada,0,0,True,caught
1304082,2022-04-23,2022,Sunrisers Hyderabad,Royal Challengers Bangalore,"Brabourne Stadium, Mumbai",0,5,Mohammed Siraj,0,0,False,
1304082,2022-04-23,2022,Sunrisers Hyderabad,Royal Challengers Bangalore,"Brabourne Stadium, Mumbai",0,6,Mohammed Siraj,0,1,False,
1304082,2022-04-23,2022,Sunrisers Hyderabad,Royal Challengers Bangalore,"Brabourne Stadium, Mumbai",0,7,Mohammed Siraj,0,0,False,
1304082,2022-04-23,2022,Sunrisers Hyderabad,Royal Challengers Bangalore,"Brabourne Stadium, Mumbai",1,5,JR Hazlewood,1,1,False,
1304082,2022-04-23,2022,Sunrisers Hyderabad,Royal Challengers Bangalore,"Brabourne Stadium, Mumbai",2,1,Mohammed Siraj,1,1,False,
1304082,2022-04-23,2022,Sunrisers Hyderabad,Royal Challengers Bangalore,"Brabourne Stadium, Mumbai",2,6,Mohammed Siraj,1,1,False,
1304082,2022-04-23,2022,Sunrisers Hyderabad,Royal Challengers Bangalore,"Brabourne Stadium, Mumbai",3,1,JR Hazlewood,0,0,False,
1304082,2022-04-23,2022,Sunrisers Hyderabad,Royal Challengers Bangalore,"Brabourne Stadium, Mumbai",3,2,JR Hazlewood,0,1,False,
1304082,2022-04-23,2022,Sunrisers Hyderabad,Royal Challengers Bangalore,"Brabourne Stadium, Mumbai",4,5,HV Patel,0,0,False,
1304082,2022-04-23,2022,Sunrisers Hyderabad,Royal Challengers Bangalore,"Brabourne Stadium, Mumbai",4,6,HV Patel,0,0,False,
1304082,2022-04-23,2022,Sunrisers Hyderabad,Royal Challengers Bangalore,"Brabourne Stadium, Mumbai",5,3,JR Hazlewood,4,4,False,
1304082,2022-04-23,2022,Sunrisers Hyderabad,Royal Challengers Bangalore,"Brabourne Stadium, Mumbai",5,4,JR Hazlewood,1,1,False,
1304082,2022-04-23,2022,Sunrisers Hyderabad,Royal Challengers Bangalore,"Brabourne Stadium, Mumbai",6,1,PWH de Silva,4,4,False,
1304082,2022-04-23,2022,Sunrisers Hyderabad,Royal Challengers Bangalore,"Brabourne Stadium, Mumbai",6,2,PWH de Silva,1,1,False,
1304082,2022-04-23,2022,Sunrisers Hyderabad,Royal Challengers Bangalore,"Brabourne Stadium, Mumbai",6,5,PWH de Silva,0,0,False,
1304082,2022-04-23,2022,Sunrisers Hyderabad,Royal Challengers Bangalore,"Brabourne Stadium, Mumbai",6,6,PWH de Silva,1,1,False,
1304082,2022-04-23,2022,Sunrisers Hyderabad,Royal Challengers Bangalore,"Brabourne Stadium, Mumbai",7,1,HV Patel,1,1,False,
1304082,2022-04-23,2022,Sunrisers Hyderabad,Royal Challengers Bangalore,"Brabourne Stadium, Mumbai",7,5,HV Patel,1,1,False,
1304086,2022-04-27,2022,Sunrisers Hyderabad,Gujarat Titans,"Wankhede Stadium, Mumbai",0,8,Mohammed Shami,0,0,False,
1304086,2022-04-27,2022,Sunrisers Hyderabad,Gujarat Titans,"Wankhede Stadium, Mumbai",1,2,Yash Dayal,0,0,False,
1304086,2022-04-27,2022,Sunrisers Hyderabad,Gujarat Titans,"Wankhede Stadium, Mumbai",1,3,Yash Dayal,1,1,False,
1304086,2022-04-27,2022,Sunrisers Hyderabad,Gujarat Titans,"Wankhede Stadium, Mumbai",2,1,Mohammed Shami,0,0,False,
1304086,2022-04-27,2022,Sunrisers Hyderabad,Gujarat Titans,"Wankhede Stadium, Mumbai",2,2,Mohammed Shami,4,4,False,
1304086,2022-04-27,2022,Sunrisers Hyderabad,Gujarat Titans,"Wankhede Stadium, Mumbai",2,3,Mohammed Shami,0,0,False,
1304086,2022-04-27,2022,Sunrisers Hyderabad,Gujarat Titans,"Wankhede Stadium, Mumbai",2,4,Mohammed Shami,0,0,False,
1304086,2022-04-27,2022,Sunrisers Hyderabad,Gujarat Titans,"Wankhede Stadium, Mumbai",2,5,Mohammed Shami,0,0,True,bowled
1304092,2022-05-01,2022,Sunrisers Hyderabad,Chennai Super Kings,"Maharashtra Cricket Association Stadium, Pune",0,4,Mukesh Choudhary,1,1,False,
1304092,2022-05-01,2022,Sunrisers Hyderabad,Chennai Super Kings,"Maharashtra Cricket Association Stadium, Pune",1,1,Simarjeet Singh,0,0,False,
1304092,2022-05-01,2022,Sunrisers Hyderabad,Chennai Super Kings,"Maharashtra Cricket Association Stadium, Pune",1,2,Simarjeet Singh,4,4,False,
1304092,2022-05-01,2022,Sunrisers Hyderabad,Chennai Super Kings,"Maharashtra Cricket Association Stadium, Pune",1,3,Simarjeet Singh,1,1,False,
1304092,2022-05-01,2022,Sunrisers Hyderabad,Chennai Super Kings,"Maharashtra Cricket Association Stadium, Pune",1,5,Simarjeet Singh,6,6,False,
1304092,2022-05-01,2022,Sunrisers Hyderabad,Chennai Super Kings,"Maharashtra Cricket Association Stadium, Pune",1,6,Simarjeet Singh,1,1,False,
1304092,2022-05-01,2022,Sunrisers Hyderabad,Chennai Super Kings,"Maharashtra Cricket Association Stadium, Pune",2,1,MJ Santner,1,1,False,
1304092,2022-05-01,2022,Sunrisers Hyderabad,Chennai Super Kings,"Maharashtra Cricket Association Stadium, Pune",3,5,Simarjeet Singh,1,1,False,
1304092,2022-05-01,2022,Sunrisers Hyderabad,Chennai Super Kings,"Maharashtra Cricket Association Stadium, Pune",4,1,M Theekshana,1,1,False,
1304092,2022-05-01,2022,Sunrisers Hyderabad,Chennai Super Kings,"Maharashtra Cricket Association Stadium, Pune",4,3,M Theekshana,1,1,False,
1304092,2022-05-01,2022,Sunrisers Hyderabad,Chennai Super Kings,"Maharashtra Cricket Association Stadium, Pune",4,6,M Theekshana,0,0,False,
1304092,2022-05-01,2022,Sunrisers Hyderabad,Chennai Super Kings,"Maharashtra Cricket Association Stadium, Pune",5,2,Mukesh Choudhary,1,1,False,
1304092,2022-05-01,2022,Sunrisers Hyderabad,Chennai Super Kings,"Maharashtra Cricket Association Stadium, Pune",6,1,RA Jadeja,0,0,False,
1304092,2022-05-01,2022,Sunrisers Hyderabad,Chennai Super Kings,"Maharashtra Cricket Association Stadium, Pune",6,2,RA Jadeja,0,0,False,
1304092,2022-05-01,2022,Sunrisers Hyderabad,Chennai Super Kings,"Maharashtra Cricket Association Stadium, Pune",6,3,RA Jadeja,1,1,False,
1304092,2022-05-01,2022,Sunrisers Hyderabad,Chennai Super Kings,"Maharashtra Cricket Association Stadium, Pune",6,5,RA Jadeja,1,1,False,
1304092,2022-05-01,2022,Sunrisers Hyderabad,Chennai Super Kings,"Maharashtra Cricket Association Stadium, Pune",7,2,MJ Santner,2,2,False,
1304092,2022-05-01,2022,Sunrisers Hyderabad,Chennai Super Kings,"Maharashtra Cricket Association Stadium, Pune",7,3,MJ Santner,4,4,False,
1304092,2022-05-01,2022,Sunrisers Hyderabad,Chennai Super Kings,"Maharashtra Cricket Association Stadium, Pune",7,4,MJ Santner,1,1,False,
1304092,2022-05-01,2022,Sunrisers Hyderabad,Chennai Super Kings,"Maharashtra Cricket Association Stadium, Pune",7,6,MJ Santner,1,1,False,
1304092,2022-05-01,2022,Sunrisers Hyderabad,Chennai Super Kings,"Maharashtra Cricket Association Stadium, Pune",8,1,RA Jadeja,1,1,False,
1304092,2022-05-01,2022,Sunrisers Hyderabad,Chennai Super Kings,"Maharashtra Cricket Association Stadium, Pune",8,3,RA Jadeja,0,0,False,
1304092,2022-05-01,2022,Sunrisers Hyderabad,Chennai Super Kings,"Maharashtra Cricket Association Stadium, Pune",8,4,RA Jadeja,0,0,False,
1304092,2022-05-01,2022,Sunrisers Hyderabad,Chennai Super Kings,"Maharashtra Cricket Association Stadium, Pune",8,5,RA Jadeja,1,1,False,
1304092,2022-05-01,2022,Sunrisers Hyderabad,Chennai Super Kings,"Maharashtra Cricket Association Stadium, Pune",9,1,MJ Santner,1,1,False,
1304092,2022-05-01,2022,Sunrisers Hyderabad,Chennai Super Kings,"Maharashtra Cricket Association Stadium, Pune",10,3,RA Jadeja,1,1,False,
1304092,2022-05-01,2022,Sunrisers Hyderabad,Chennai Super Kings,"Maharashtra Cricket Association Stadium, Pune",11,1,M Theekshana,0,0,False,
1304092,2022-05-01,2022,Sunrisers Hyderabad,Chennai Super Kings,"Maharashtra Cricket Association Stadium, Pune",11,2,M Theekshana,2,2,False,
1304092,2022-05-01,2022,Sunrisers Hyderabad,Chennai Super Kings,"Maharashtra Cricket Association Stadium, Pune",11,3,M Theekshana,1,1,False,
1304092,2022-05-01,2022,Sunrisers Hyderabad,Chennai Super Kings,"Maharashtra Cricket Association Stadium, Pune",11,6,M Theekshana,1,1,False,
1304092,2022-05-01,2022,Sunrisers Hyderabad,Chennai Super Kings,"Maharashtra Cricket Association Stadium, Pune",12,1,D Pretorius,1,1,False,
1304092,2022-05-01,2022,Sunrisers Hyderabad,Chennai Super Kings,"Maharashtra Cricket Association Stadium, Pune",12,3,D Pretorius,6,6,False,
1304092,2022-05-01,2022,Sunrisers Hyderabad,Chennai Super Kings,"Maharashtra Cricket Association Stadium, Pune",12,4,D Pretorius,1,1,False,
1304092,2022-05-01,2022,Sunrisers Hyderabad,Chennai Super Kings,"Maharashtra Cricket Association Stadium, Pune",12,6,D Pretorius,1,1,False,
1304092,2022-05-01,2022,Sunrisers Hyderabad,Chennai Super Kings,"Maharashtra Cricket Association Stadium, Pune",13,1,M Theekshana,1,1,False,
1304092,2022-05-01,2022,Sunrisers Hyderabad,Chennai Super Kings,"Maharashtra Cricket Association Stadium, Pune",13,5,M Theekshana,1,1,False,
1304092,2022-05-01,2022,Sunrisers Hyderabad,Chennai Super Kings,"Maharashtra Cricket Association Stadium, Pune",14,2,D Pretorius,0,0,True,lbw
1304096,2022-05-05,2022,Sunrisers Hyderabad,Delhi Capitals,"Brabourne Stadium, Mumbai",0,5,SN Thakur,0,0,False,
1304096,2022-05-05,2022,Sunrisers Hyderabad,Delhi Capitals,"Brabourne Stadium, Mumbai",0,6,SN Thakur,0,0,False,
1304096,2022-05-05,2022,Sunrisers Hyderabad,Delhi Capitals,"Brabourne Stadium, Mumbai",0,7,SN Thakur,0,0,False,
1304096,2022-05-05,2022,Sunrisers Hyderabad,Delhi Capitals,"Brabourne Stadium, Mumbai",1,5,KK Ahmed,0,0,False,
1304096,2022-05-05,2022,Sunrisers Hyderabad,Delhi Capitals,"Brabourne Stadium, Mumbai",1,6,KK Ahmed,0,0,False,
1304096,2022-05-05,2022,Sunrisers Hyderabad,Delhi Capitals,"Brabourne Stadium, Mumbai",2,2,A Nortje,0,0,False,
1304096,2022-05-05,2022,Sunrisers Hyderabad,Delhi Capitals,"Brabourne Stadium, Mumbai",2,3,A Nortje,4,4,False,
1304096,2022-05-05,2022,Sunrisers Hyderabad,Delhi Capitals,"Brabourne Stadium, Mumbai",2,4,A Nortje,0,0,False,
1304096,2022-05-05,2022,Sunrisers Hyderabad,Delhi Capitals,"Brabourne Stadium, Mumbai",2,5,A Nortje,0,1,False,
1304096,2022-05-05,2022,Sunrisers Hyderabad,Delhi Capitals,"Brabourne Stadium, Mumbai",3,6,KK Ahmed,0,0,False,
1304096,2022-05-05,2022,Sunrisers Hyderabad,Delhi Capitals,"Brabourne Stadium, Mumbai",4,2,A Nortje,0,0,True,caught
1304107,2022-05-14,2022,Sunrisers Hyderabad,Kolkata Knight Riders,"Maharashtra Cricket Association Stadium, Pune",0,4,UT Yadav,0,0,False,
1304107,2022-05-14,2022,Sunrisers Hyderabad,Kolkata Knight Riders,"Maharashtra Cricket Association Stadium, Pune",0,5,UT Yadav,0,0,False,
1304107,2022-05-14,2022,Sunrisers Hyderabad,Kolkata Knight Riders,"Maharashtra Cricket Association Stadium, Pune",0,6,UT Yadav,0,0,False,
1304107,2022-05-14,2022,Sunrisers Hyderabad,Kolkata Knight Riders,"Maharashtra Cricket Association Stadium, Pune",1,4,TG Southee,1,1,False,
1304107,2022-05-14,2022,Sunrisers Hyderabad,Kolkata Knight Riders,"Maharashtra Cricket Association Stadium, Pune",2,1,UT Yadav,0,0,False,
1304107,2022-05-14,2022,Sunrisers Hyderabad,Kolkata Knight Riders,"Maharashtra Cricket Association Stadium, Pune",2,2,UT Yadav,1,1,False,
1304107,2022-05-14,2022,Sunrisers Hyderabad,Kolkata Knight Riders,"Maharashtra Cricket Association Stadium, Pune",2,4,UT Yadav,0,0,False,
1304107,2022-05-14,2022,Sunrisers Hyderabad,Kolkata Knight Riders,"Maharashtra Cricket Association Stadium, Pune",2,5,UT Yadav,4,4,False,
1304107,2022-05-14,2022,Sunrisers Hyderabad,Kolkata Knight Riders,"Maharashtra Cricket Association Stadium, Pune",2,6,UT Yadav,0,0,False,
1304107,2022-05-14,2022,Sunrisers Hyderabad,Kolkata Knight Riders,"Maharashtra Cricket Association Stadium, Pune",3,3,SP Narine,1,1,False,
1304107,2022-05-14,2022,Sunrisers Hyderabad,Kolkata Knight Riders,"Maharashtra Cricket Association Stadium, Pune",4,1,UT Yadav,0,0,False,
1304107,2022-05-14,2022,Sunrisers Hyderabad,Kolkata Knight Riders,"Maharashtra Cricket Association Stadium, Pune",4,2,UT Yadav,1,1,False,
1304107,2022-05-14,2022,Sunrisers Hyderabad,Kolkata Knight Riders,"Maharashtra Cricket Association Stadium, Pune",4,4,UT Yadav,0,0,False,
1304107,2022-05-14,2022,Sunrisers Hyderabad,Kolkata Knight Riders,"Maharashtra Cricket Association Stadium, Pune",4,5,UT Yadav,0,0,False,
1304107,2022-05-14,2022,Sunrisers Hyderabad,Kolkata Knight Riders,"Maharashtra Cricket Association Stadium, Pune",4,6,UT Yadav,1,1,False,
1304107,2022-05-14,2022,Sunrisers Hyderabad,Kolkata Knight Riders,"Maharashtra Cricket Association Stadium, Pune",5,1,AD Russell,0,0,False,
1304107,2022-05-14,2022,Sunrisers Hyderabad,Kolkata Knight Riders,"Maharashtra Cricket Association Stadium, Pune",5,2,AD Russell,0,0,True,bowled
1304111,2022-05-17,2022,Sunrisers Hyderabad,Mumbai Indians,"Wankhede Stadium, Mumbai",17,3,Ramandeep Singh,0,0,False,
1304111,2022-05-17,2022,Sunrisers Hyderabad,Mumbai Indians,"Wankhede Stadium, Mumbai",17,4,Ramandeep Singh,1,1,False,
1304111,2022-05-17,2022,Sunrisers Hyderabad,Mumbai Indians,"Wankhede Stadium, Mumbai",18,1,RP Meredith,1,1,False,
1304111,2022-05-17,2022,Sunrisers Hyderabad,Mumbai Indians,"Wankhede Stadium, Mumbai",18,4,RP Meredith,1,1,False,
1304111,2022-05-17,2022,Sunrisers Hyderabad,Mumbai Indians,"Wankhede Stadium, Mumbai",19,1,JJ Bumrah,0,0,False,
1304111,2022-05-17,2022,Sunrisers Hyderabad,Mumbai Indians,"Wankhede Stadium, Mumbai",19,2,JJ Bumrah,4,4,False,
1304111,2022-05-17,2022,Sunrisers Hyderabad,Mumbai Indians,"Wankhede Stadium, Mumbai",19,3,JJ Bumrah,1,1,False,
1422135,2024-04-04,2024,Gujarat Titans,Punjab Kings,"Narendra Modi Stadium, Ahmedabad",3,3,Arshdeep Singh,0,0,False,
1422135,2024-04-04,2024,Gujarat Titans,Punjab Kings,"Narendra Modi Stadium, Ahmedabad",3,4,Arshdeep Singh,0,0,False,
1422135,2024-04-04,2024,Gujarat Titans,Punjab Kings,"Narendra Modi Stadium, Ahmedabad",3,5,Arshdeep Singh,1,1,False,
1422135,2024-04-04,2024,Gujarat Titans,Punjab Kings,"Narendra Modi Stadium, Ahmedabad",4,1,K Rabada,0,0,False,
1422135,2024-04-04,2024,Gujarat Titans,Punjab Kings,"Narendra Modi Stadium, Ahmedabad",4,2,K Rabada,4,4,False,
1422135,2024-04-04,2024,Gujarat Titans,Punjab Kings,"Narendra Modi Stadium, Ahmedabad",4,3,K Rabada,1,1,False,
1422135,2024-04-04,2024,Gujarat Titans,Punjab Kings,"Narendra Modi Stadium, Ahmedabad",4,5,K Rabada,0,0,False,
1422135,2024-04-04,2024,Gujarat Titans,Punjab Kings,"Narendra Modi Stadium, Ahmedabad",4,6,K Rabada,0,0,False,
1422135,2024-04-04,2024,Gujarat Titans,Punjab Kings,"Narendra Modi Stadium, Ahmedabad",5,2,SM Curran,4,4,False,
1422135,2024-04-04,2024,Gujarat Titans,Punjab Kings,"Narendra Modi Stadium, Ahmedabad",5,3,SM Curran,2,2,False,
1422135,2024-04-04,2024,Gujarat Titans,Punjab Kings,"Narendra Modi Stadium, Ahmedabad",5,4,SM Curran,4,4,False,
1422135,2024-04-04,2024,Gujarat Titans,Punjab Kings,"Narendra Modi Stadium, Ahmedabad",5,5,SM Curran,0,0,False,
1422135,2024-04-04,2024,Gujarat Titans,Punjab Kings,"Narendra Modi Stadium, Ahmedabad",5,6,SM Curran,0,0,False,
1422135,2024-04-04,2024,Gujarat Titans,Punjab Kings,"Narendra Modi Stadium, Ahmedabad",6,3,Harpreet Brar,2,2,False,
1422135,2024-04-04,2024,Gujarat Titans,Punjab Kings,"Narendra Modi Stadium, Ahmedabad",6,4,Harpreet Brar,2,2,False,
1422135,2024-04-04,2024,Gujarat Titans,Punjab Kings,"Narendra Modi Stadium, Ahmedabad",6,5,Harpreet Brar,0,0,False,
1422135,2024-04-04,2024,Gujarat Titans,Punjab Kings,"Narendra Modi Stadium, Ahmedabad",6,6,Harpreet Brar,0,0,False,
1422135,2024-04-04,2024,Gujarat Titans,Punjab Kings,"Narendra Modi Stadium, Ahmedabad",7,2,HV Patel,1,1,False,
1422135,2024-04-04,2024,Gujarat Titans,Punjab Kings,"Narendra Modi Stadium, Ahmedabad",7,5,HV Patel,1,1,False,
1422135,2024-04-04,2024,Gujarat Titans,Punjab Kings,"Narendra Modi Stadium, Ahmedabad",8,1,Harpreet Brar,0,0,False,
1422135,2024-04-04,2024,Gujarat Titans,Punjab Kings,"Narendra Modi Stadium, Ahmedabad",8,2,Harpreet Brar,4,4,False,
1422135,2024-04-04,2024,Gujarat Titans,Punjab Kings,"Narendra Modi Stadium, Ahmedabad",8,3,Harpreet Brar,0,0,True,caught
1422139,2024-04-07,2024,Gujarat Titans,Lucknow Super Giants,"Bharat Ratna Shri Atal Bihari Vajpayee Ekana Cricket Stadium, Lucknow",6,4,KH Pandya,0,0,False,
1422139,2024-04-07,2024,Gujarat Titans,Lucknow Super Giants,"Bharat Ratna Shri Atal Bihari Vajpayee Ekana Cricket Stadium, Lucknow",6,5,KH Pandya,0,0,False,
1422139,2024-04-07,2024,Gujarat Titans,Lucknow Super Giants,"Bharat Ratna Shri Atal Bihari Vajpayee Ekana Cricket Stadium, Lucknow",6,6,KH Pandya,1,1,False,
1422139,2024-04-07,2024,Gujarat Titans,Lucknow Super Giants,"Bharat Ratna Shri Atal Bihari Vajpayee Ekana Cricket Stadium, Lucknow",7,1,Ravi Bishnoi,0,0,False,
1422139,2024-04-07,2024,Gujarat Titans,Lucknow Super Giants,"Bharat Ratna Shri Atal Bihari Vajpayee Ekana Cricket Stadium, Lucknow",7,2,Ravi Bishnoi,0,0,True,caught and bowled
829711,2015-04-11,2015,Sunrisers Hyderabad,Chennai Super Kings,"MA Chidambaram Stadium, Chepauk",14,6,IC Pandey,1,1,False,
829711,2015-04-11,2015,Sunrisers Hyderabad,Chennai Super Kings,"MA Chidambaram Stadium, Chepauk",15,1,RA Jadeja,2,2,False,
829711,2015-04-11,2015,Sunrisers Hyderabad,Chennai Super Kings,"MA Chidambaram Stadium, Chepauk",15,2,RA Jadeja,1,1,False,
829711,2015-04-11,2015,Sunrisers Hyderabad,Chennai Super Kings,"MA Chidambaram Stadium, Chepauk",15,6,RA Jadeja,1,1,False,
829711,2015-04-11,2015,Sunrisers Hyderabad,Chennai Super Kings,"MA Chidambaram Stadium, Chepauk",16,1,DJ Bravo,0,1,False,
829711,2015-04-11,2015,Sunrisers Hyderabad,Chennai Super Kings,"MA Chidambaram Stadium, Chepauk",16,2,DJ Bravo,0,1,False,
829711,2015-04-11,2015,Sunrisers Hyderabad,Chennai Super Kings,"MA Chidambaram Stadium, Chepauk",16,4,DJ Bravo,1,1,False,
829711,2015-04-11,2015,Sunrisers Hyderabad,Chennai Super Kings,"MA Chidambaram Stadium, Chepauk",16,7,DJ Bravo,1,1,False,
829711,2015-04-11,2015,Sunrisers Hyderabad,Chennai Super Kings,"MA Chidambaram Stadium, Chepauk",17,1,A Nehra,0,1,False,
829711,2015-04-11,2015,Sunrisers Hyderabad,Chennai Super Kings,"MA Chidambaram Stadium, Chepauk",17,2,A Nehra,1,1,False,
829711,2015-04-11,2015,Sunrisers Hyderabad,Chennai Super Kings,"MA Chidambaram Stadium, Chepauk",17,5,A Nehra,0,0,False,
829711,2015-04-11,2015,Sunrisers Hyderabad,Chennai Super Kings,"MA Chidambaram Stadium, Chepauk",17,6,A Nehra,2,2,False,
829711,2015-04-11,2015,Sunrisers Hyderabad,Chennai Super Kings,"MA Chidambaram Stadium, Chepauk",17,7,A Nehra,1,1,False,
829711,2015-04-11,2015,Sunrisers Hyderabad,Chennai Super Kings,"MA Chidambaram Stadium, Chepauk",18,1,DJ Bravo,1,1,False,
829711,2015-04-11,2015,Sunrisers Hyderabad,Chennai Super Kings,"MA Chidambaram Stadium, Chepauk",18,3,DJ Bravo,1,1,False,
829711,2015-04-11,2015,Sunrisers Hyderabad,Chennai Super Kings,"MA Chidambaram Stadium, Chepauk",18,5,DJ Bravo,1,1,False,
829711,2015-04-11,2015,Sunrisers Hyderabad,Chennai Super Kings,"MA Chidambaram Stadium, Chepauk",19,2,MM Sharma,4,4,False,
829711,2015-04-11,2015,Sunrisers Hyderabad,Chennai Super Kings,"MA Chidambaram Stadium, Chepauk",19,3,MM Sharma,1,1,False,
829711,2015-04-11,2015,Sunrisers Hyderabad,Chennai Super Kings,"MA Chidambaram Stadium, Chepauk",19,5,MM Sharma,6,6,False,
829711,2015-04-11,2015,Sunrisers Hyderabad,Chennai Super Kings,"MA Chidambaram Stadium, Chepauk",19,6,MM Sharma,1,1,False,
829719,2015-04-13,2015,Sunrisers Hyderabad,Royal Challengers Bangalore,M Chinnaswamy Stadium,7,6,YS Chahal,1,1,False,
829719,2015-04-13,2015,Sunrisers Hyderabad,Royal Challengers Bangalore,M Chinnaswamy Stadium,8,1,HV Patel,0,0,False,
829719,2015-04-13,2015,Sunrisers Hyderabad,Royal Challengers Bangalore,M Chinnaswamy Stadium,8,2,HV Patel,0,4,False,
829719,2015-04-13,2015,Sunrisers Hyderabad,Royal Challengers Bangalore,M Chinnaswamy Stadium,8,3,HV Patel,0,0,False,
829719,2015-04-13,2015,Sunrisers Hyderabad,Royal Challengers Bangalore,M Chinnaswamy Stadium,8,4,HV Patel,1,1,False,
829719,2015-04-13,2015,Sunrisers Hyderabad,Royal Challengers Bangalore,M Chinnaswamy Stadium,8,6,HV Patel,1,1,False,
829719,2015-04-13,2015,Sunrisers Hyderabad,Royal Challengers Bangalore,M Chinnaswamy Stadium,9,1,YS Chahal,1,1,False,
829719,2015-04-13,2015,Sunrisers Hyderabad,Royal Challengers Bangalore,M Chinnaswamy Stadium,9,3,YS Chahal,1,1,False,
829719,2015-04-13,2015,Sunrisers Hyderabad,Royal Challengers Bangalore,M Chinnaswamy Stadium,9,5,YS Chahal,0,0,True,stumped
980953,2016-04-30,2016,Sunrisers Hyderabad,Royal Challengers Bangalore,"Rajiv Gandhi International Stadium, Uppal",3,5,KW Richardson,0,0,False,
980953,2016-04-30,2016,Sunrisers Hyderabad,Royal Challengers Bangalore,"Rajiv Gandhi International Stadium, Uppal",3,6,KW Richardson,0,0,False,
980953,2016-04-30,2016,Sunrisers Hyderabad,Royal Challengers Bangalore,"Rajiv Gandhi International Stadium, Uppal",4,2,VR Aaron,3,3,False,
980953,2016-04-30,2016,Sunrisers Hyderabad,Royal Challengers Bangalore,"Rajiv Gandhi International Stadium, Uppal",4,4,VR Aaron,0,0,False,
980953,2016-04-30,2016,Sunrisers Hyderabad,Royal Challengers Bangalore,"Rajiv Gandhi International Stadium, Uppal",4,5,VR Aaron,0,0,False,
980953,2016-04-30,2016,Sunrisers Hyderabad,Royal Challengers Bangalore,"Rajiv Gandhi International Stadium, Uppal",4,6,VR Aaron,0,0,False,
980953,2016-04-30,2016,Sunrisers Hyderabad,Royal Challengers Bangalore,"Rajiv Gandhi International Stadium, Uppal",6,1,T Shamsi,1,1,False,
980953,2016-04-30,2016,Sunrisers Hyderabad,Royal Challengers Bangalore,"Rajiv Gandhi International Stadium, Uppal",7,3,Parvez Rasool,1,1,False,
980953,2016-04-30,2016,Sunrisers Hyderabad,Royal Challengers Bangalore,"Rajiv Gandhi International Stadium, Uppal",7,5,Parvez Rasool,0,0,False,
980953,2016-04-30,2016,Sunrisers Hyderabad,Royal Challengers Bangalore,"Rajiv Gandhi International Stadium, Uppal",7,6,Parvez Rasool,1,1,False,
980953,2016-04-30,2016,Sunrisers Hyderabad,Royal Challengers Bangalore,"Rajiv Gandhi International Stadium, Uppal",8,1,VR Aaron,4,4,False,
980953,2016-04-30,2016,Sunrisers Hyderabad,Royal Challengers Bangalore,"Rajiv Gandhi International Stadium, Uppal",8,2,VR Aaron,1,1,False,
980953,2016-04-30,2016,Sunrisers Hyderabad,Royal Challengers Bangalore,"Rajiv Gandhi International Stadium, Uppal",8,7,VR Aaron,0,0,False,
980953,2016-04-30,2016,Sunrisers Hyderabad,Royal Challengers Bangalore,"Rajiv Gandhi International Stadium, Uppal",9,4,Parvez Rasool,1,1,False,
980953,2016-04-30,2016,Sunrisers Hyderabad,Royal Challengers Bangalore,"Rajiv Gandhi International Stadium, Uppal",9,6,Parvez Rasool,1,1,False,
980953,2016-04-30,2016,Sunrisers Hyderabad,Royal Challengers Bangalore,"Rajiv Gandhi International Stadium, Uppal",10,1,T Shamsi,1,1,False,
980953,2016-04-30,2016,Sunrisers Hyderabad,Royal Challengers Bangalore,"Rajiv Gandhi International Stadium, Uppal",10,3,T Shamsi,1,1,False,
980953,2016-04-30,2016,Sunrisers Hyderabad,Royal Challengers Bangalore,"Rajiv Gandhi International Stadium, Uppal",10,6,T Shamsi,1,1,False,
980953,2016-04-30,2016,Sunrisers Hyderabad,Royal Challengers Bangalore,"Rajiv Gandhi International Stadium, Uppal",11,1,SR Watson,1,1,False,
980953,2016-04-30,2016,Sunrisers Hyderabad,Royal Challengers Bangalore,"Rajiv Gandhi International Stadium, Uppal",11,4,SR Watson,4,4,False,
980953,2016-04-30,2016,Sunrisers Hyderabad,Royal Challengers Bangalore,"Rajiv Gandhi International Stadium, Uppal",11,5,SR Watson,0,0,False,
980953,2016-04-30,2016,Sunrisers Hyderabad,Royal Challengers Bangalore,"Rajiv Gandhi International Stadium, Uppal",11,6,SR Watson,1,1,False,
980953,2016-04-30,2016,Sunrisers Hyderabad,Royal Challengers Bangalore,"Rajiv Gandhi International Stadium, Uppal",12,1,VR Aaron,4,4,False,
980953,2016-04-30,2016,Sunrisers Hyderabad,Royal Challengers Bangalore,"Rajiv Gandhi International Stadium, Uppal",12,2,VR Aaron,1,1,False,
980953,2016-04-30,2016,Sunrisers Hyderabad,Royal Challengers Bangalore,"Rajiv Gandhi International Stadium, Uppal",12,4,VR Aaron,0,0,False,
980953,2016-04-30,2016,Sunrisers Hyderabad,Royal Challengers Bangalore,"Rajiv Gandhi International Stadium, Uppal",12,5,VR Aaron,4,4,False,
980953,2016-04-30,2016,Sunrisers Hyderabad,Royal Challengers Bangalore,"Rajiv Gandhi International Stadium, Uppal",12,6,VR Aaron,1,1,False,
980953,2016-04-30,2016,Sunrisers Hyderabad,Royal Challengers Bangalore,"Rajiv Gandhi International Stadium, Uppal",13,1,Parvez Rasool,4,4,False,
980953,2016-04-30,2016,Sunrisers Hyderabad,Royal Challengers Bangalore,"Rajiv Gandhi International Stadium, Uppal",13,2,Parvez Rasool,1,1,False,
980953,2016-04-30,2016,Sunrisers Hyderabad,Royal Challengers Bangalore,"Rajiv Gandhi International Stadium, Uppal",13,4,Parvez Rasool,0,0,False,
980953,2016-04-30,2016,Sunrisers Hyderabad,Royal Challengers Bangalore,"Rajiv Gandhi International Stadium, Uppal",13,5,Parvez Rasool,1,1,False,
980953,2016-04-30,2016,Sunrisers Hyderabad,Royal Challengers Bangalore,"Rajiv Gandhi International Stadium, Uppal",14,1,KW Richardson,1,1,False,
980953,2016-04-30,2016,Sunrisers Hyderabad,Royal Challengers Bangalore,"Rajiv Gandhi International Stadium, Uppal",14,6,KW Richardson,1,1,False,
980953,2016-04-30,2016,Sunrisers Hyderabad,Royal Challengers Bangalore,"Rajiv Gandhi International Stadium, Uppal",15,1,T Shamsi,4,4,False,
980953,2016-04-30,2016,Sunrisers Hyderabad,Royal Challengers Bangalore,"Rajiv Gandhi International Stadium, Uppal",15,2,T Shamsi,1,1,False,
980953,2016-04-30,2016,Sunrisers Hyderabad,Royal Challengers Bangalore,"Rajiv Gandhi International Stadium, Uppal",16,2,SR Watson,4,4,False,
980953,2016-04-30,2016,Sunrisers Hyderabad,Royal Challengers Bangalore,"Rajiv Gandhi International Stadium, Uppal",16,3,SR Watson,1,1,False,
980953,2016-04-30,2016,Sunrisers Hyderabad,Royal Challengers Bangalore,"Rajiv Gandhi International Stadium, Uppal",16,5,SR Watson,0,0,True,caught
980967,2016-05-06,2016,Sunrisers Hyderabad,Gujarat Lions,"Rajiv Gandhi International Stadium, Uppal",3,2,DS Kulkarni,0,0,False,
980967,2016-05-06,2016,Sunrisers Hyderabad,Gujarat Lions,"Rajiv Gandhi International Stadium, Uppal",3,3,DS Kulkarni,0,0,False,
980967,2016-05-06,2016,Sunrisers Hyderabad,Gujarat Lions,"Rajiv Gandhi International Stadium, Uppal",3,4,DS Kulkarni,0,0,False,
980967,2016-05-06,2016,Sunrisers Hyderabad,Gujarat Lions,"Rajiv Gandhi International Stadium, Uppal",3,5,DS Kulkarni,4,4,False,
980967,2016-05-06,2016,Sunrisers Hyderabad,Gujarat Lions,"Rajiv Gandhi International Stadium, Uppal",3,6,DS Kulkarni,1,1,False,
980967,2016-05-06,2016,Sunrisers Hyderabad,Gujarat Lions,"Rajiv Gandhi International Stadium, Uppal",4,1,P Kumar,0,0,False,
980967,2016-05-06,2016,Sunrisers Hyderabad,Gujarat Lions,"Rajiv Gandhi International Stadium, Uppal",4,2,P Kumar,1,1,False,
980967,2016-05-06,2016,Sunrisers Hyderabad,Gujarat Lions,"Rajiv Gandhi International Stadium, Uppal",4,4,P Kumar,0,0,False,
980967,2016-05-06,2016,Sunrisers Hyderabad,Gujarat Lions,"Rajiv Gandhi International Stadium, Uppal",4,5,P Kumar,0,0,True,caught
980973,2016-05-08,2016,Sunrisers Hyderabad,Mumbai Indians,Dr. Y.S. Rajasekhara Reddy ACA-VDCA Cricket Stadium,9,7,Harbhajan Singh,0,0,False,
980973,2016-05-08,2016,Sunrisers Hyderabad,Mumbai Indians,Dr. Y.S. Rajasekhara Reddy ACA-VDCA Cricket Stadium,10,2,KH Pandya,1,1,False,
980973,2016-05-08,2016,Sunrisers Hyderabad,Mumbai Indians,Dr. Y.S. Rajasekhara Reddy ACA-VDCA Cricket Stadium,10,4,KH Pandya,1,1,False,
980973,2016-05-08,2016,Sunrisers Hyderabad,Mumbai Indians,Dr. Y.S. Rajasekhara Reddy ACA-VDCA Cricket Stadium,11,2,Harbhajan Singh,0,0,False,
980973,2016-05-08,2016,Sunrisers Hyderabad,Mumbai Indians,Dr. Y.S. Rajasekhara Reddy ACA-VDCA Cricket Stadium,11,3,Harbhajan Singh,0,0,True,caught
980979,2016-05-10,2016,Sunrisers Hyderabad,Rising Pune Supergiants,Dr. Y.S. Rajasekhara Reddy ACA-VDCA Cricket Stadium,3,3,RP Singh,0,0,False,
980979,2016-05-10,2016,Sunrisers Hyderabad,Rising Pune Supergiants,Dr. Y.S. Rajasekhara Reddy ACA-VDCA Cricket Stadium,3,4,RP Singh,0,0,False,
980979,2016-05-10,2016,Sunrisers Hyderabad,Rising Pune Supergiants,Dr. Y.S. Rajasekhara Reddy ACA-VDCA Cricket Stadium,3,5,RP Singh,1,1,False,
980979,2016-05-10,2016,Sunrisers Hyderabad,Rising Pune Supergiants,Dr. Y.S. Rajasekhara Reddy ACA-VDCA Cricket Stadium,4,1,AB Dinda,0,0,False,
980979,2016-05-10,2016,Sunrisers Hyderabad,Rising Pune Supergiants,Dr. Y.S. Rajasekhara Reddy ACA-VDCA Cricket Stadium,4,2,AB Dinda,0,0,False,
980979,2016-05-10,2016,Sunrisers Hyderabad,Rising Pune Supergiants,Dr. Y.S. Rajasekhara Reddy ACA-VDCA Cricket Stadium,4,3,AB Dinda,0,1,False,
980979,2016-05-10,2016,Sunrisers Hyderabad,Rising Pune Supergiants,Dr. Y.S. Rajasekhara Reddy ACA-VDCA Cricket Stadium,4,4,AB Dinda,1,1,False,
980979,2016-05-10,2016,Sunrisers Hyderabad,Rising Pune Supergiants,Dr. Y.S. Rajasekhara Reddy ACA-VDCA Cricket Stadium,5,1,RP Singh,1,1,False,
980979,2016-05-10,2016,Sunrisers Hyderabad,Rising Pune Supergiants,Dr. Y.S. Rajasekhara Reddy ACA-VDCA Cricket Stadium,6,1,R Ashwin,0,0,False,
980979,2016-05-10,2016,Sunrisers Hyderabad,Rising Pune Supergiants,Dr. Y.S. Rajasekhara Reddy ACA-VDCA Cricket Stadium,6,2,R Ashwin,0,0,False,
980979,2016-05-10,2016,Sunrisers Hyderabad,Rising Pune Supergiants,Dr. Y.S. Rajasekhara Reddy ACA-VDCA Cricket Stadium,6,3,R Ashwin,0,2,False,
980979,2016-05-10,2016,Sunrisers Hyderabad,Rising Pune Supergiants,Dr. Y.S. Rajasekhara Reddy ACA-VDCA Cricket Stadium,6,6,R Ashwin,0,0,False,
980979,2016-05-10,2016,Sunrisers Hyderabad,Rising Pune Supergiants,Dr. Y.S. Rajasekhara Reddy ACA-VDCA Cricket Stadium,6,7,R Ashwin,1,1,False,
980979,2016-05-10,2016,Sunrisers Hyderabad,Rising Pune Supergiants,Dr. Y.S. Rajasekhara Reddy ACA-VDCA Cricket Stadium,7,1,A Zampa,1,1,False,
980979,2016-05-10,2016,Sunrisers Hyderabad,Rising Pune Supergiants,Dr. Y.S. Rajasekhara Reddy ACA-VDCA Cricket Stadium,7,3,A Zampa,1,1,False,
980979,2016-05-10,2016,Sunrisers Hyderabad,Rising Pune Supergiants,Dr. Y.S. Rajasekhara Reddy ACA-VDCA Cricket Stadium,8,1,R Ashwin,0,0,False,
980979,2016-05-10,2016,Sunrisers Hyderabad,Rising Pune Supergiants,Dr. Y.S. Rajasekhara Reddy ACA-VDCA Cricket Stadium,8,2,R Ashwin,1,1,False,
980979,2016-05-10,2016,Sunrisers Hyderabad,Rising Pune Supergiants,Dr. Y.S. Rajasekhara Reddy ACA-VDCA Cricket Stadium,8,5,R Ashwin,4,4,False,
980979,2016-05-10,2016,Sunrisers Hyderabad,Rising Pune Supergiants,Dr. Y.S. Rajasekhara Reddy ACA-VDCA Cricket Stadium,8,6,R Ashwin,0,0,False,
980979,2016-05-10,2016,Sunrisers Hyderabad,Rising Pune Supergiants,Dr. Y.S. Rajasekhara Reddy ACA-VDCA Cricket Stadium,9,2,R Bhatia,0,1,False,
980979,2016-05-10,2016,Sunrisers Hyderabad,Rising Pune Supergiants,Dr. Y.S. Rajasekhara Reddy ACA-VDCA Cricket Stadium,9,5,R Bhatia,2,2,False,
980979,2016-05-10,2016,Sunrisers Hyderabad,Rising Pune Supergiants,Dr. Y.S. Rajasekhara Reddy ACA-VDCA Cricket Stadium,9,6,R Bhatia,1,1,False,
980979,2016-05-10,2016,Sunrisers Hyderabad,Rising Pune Supergiants,Dr. Y.S. Rajasekhara Reddy ACA-VDCA Cricket Stadium,10,1,R Ashwin,1,1,False,
980979,2016-05-10,2016,Sunrisers Hyderabad,Rising Pune Supergiants,Dr. Y.S. Rajasekhara Reddy ACA-VDCA Cricket Stadium,10,3,R Ashwin,0,0,False,
980979,2016-05-10,2016,Sunrisers Hyderabad,Rising Pune Supergiants,Dr. Y.S. Rajasekhara Reddy ACA-VDCA Cricket Stadium,10,4,R Ashwin,1,1,False,
980979,2016-05-10,2016,Sunrisers Hyderabad,Rising Pune Supergiants,Dr. Y.S. Rajasekhara Reddy ACA-VDCA Cricket Stadium,11,5,R Bhatia,1,1,False,
980979,2016-05-10,2016,Sunrisers Hyderabad,Rising Pune Supergiants,Dr. Y.S. Rajasekhara Reddy ACA-VDCA Cricket Stadium,12,6,R Ashwin,0,0,False,
980979,2016-05-10,2016,Sunrisers Hyderabad,Rising Pune Supergiants,Dr. Y.S. Rajasekhara Reddy ACA-VDCA Cricket Stadium,13,3,R Bhatia,4,4,False,
980979,2016-05-10,2016,Sunrisers Hyderabad,Rising Pune Supergiants,Dr. Y.S. Rajasekhara Reddy ACA-VDCA Cricket Stadium,13,4,R Bhatia,0,0,False,
980979,2016-05-10,2016,Sunrisers Hyderabad,Rising Pune Supergiants,Dr. Y.S. Rajasekhara Reddy ACA-VDCA Cricket Stadium,13,5,R Bhatia,1,1,False,
980979,2016-05-10,2016,Sunrisers Hyderabad,Rising Pune Supergiants,Dr. Y.S. Rajasekhara Reddy ACA-VDCA Cricket Stadium,14,1,NLTC Perera,1,1,False,
980979,2016-05-10,2016,Sunrisers Hyderabad,Rising Pune Supergiants,Dr. Y.S. Rajasekhara Reddy ACA-VDCA Cricket Stadium,14,5,NLTC Perera,1,1,False,
980979,2016-05-10,2016,Sunrisers Hyderabad,Rising Pune Supergiants,Dr. Y.S. Rajasekhara Reddy ACA-VDCA Cricket Stadium,15,3,A Zampa,1,1,False,
980979,2016-05-10,2016,Sunrisers Hyderabad,Rising Pune Supergiants,Dr. Y.S. Rajasekhara Reddy ACA-VDCA Cricket Stadium,15,5,A Zampa,1,1,False,
980979,2016-05-10,2016,Sunrisers Hyderabad,Rising Pune Supergiants,Dr. Y.S. Rajasekhara Reddy ACA-VDCA Cricket Stadium,16,1,NLTC Perera,0,0,False,
980979,2016-05-10,2016,Sunrisers Hyderabad,Rising Pune Supergiants,Dr. Y.S. Rajasekhara Reddy ACA-VDCA Cricket Stadium,16,2,NLTC Perera,1,1,False,
980979,2016-05-10,2016,Sunrisers Hyderabad,Rising Pune Supergiants,Dr. Y.S. Rajasekhara Reddy ACA-VDCA Cricket Stadium,16,6,NLTC Perera,4,4,False,
980979,2016-05-10,2016,Sunrisers Hyderabad,Rising Pune Supergiants,Dr. Y.S. Rajasekhara Reddy ACA-VDCA Cricket Stadium,17,2,A Zampa,1,1,False,
980979,2016-05-10,2016,Sunrisers Hyderabad,Rising Pune Supergiants,Dr. Y.S. Rajasekhara Reddy ACA-VDCA Cricket Stadium,17,4,A Zampa,0,0,True,caught
980983,2016-05-12,2016,Sunrisers Hyderabad,Delhi Daredevils,"Rajiv Gandhi International Stadium, Uppal",8,6,J Yadav,1,1,False,
980983,2016-05-12,2016,Sunrisers Hyderabad,Delhi Daredevils,"Rajiv Gandhi International Stadium, Uppal",9,1,JP Duminy,0,1,False,
980983,2016-05-12,2016,Sunrisers Hyderabad,Delhi Daredevils,"Rajiv Gandhi International Stadium, Uppal",9,2,JP Duminy,1,1,False,
980983,2016-05-12,2016,Sunrisers Hyderabad,Delhi Daredevils,"Rajiv Gandhi International Stadium, Uppal",10,1,A Mishra,0,0,False,
980983,2016-05-12,2016,Sunrisers Hyderabad,Delhi Daredevils,"Rajiv Gandhi International Stadium, Uppal",10,2,A Mishra,1,1,False,
980983,2016-05-12,2016,Sunrisers Hyderabad,Delhi Daredevils,"Rajiv Gandhi International Stadium, Uppal",10,4,A Mishra,4,4,False,
980983,2016-05-12,2016,Sunrisers Hyderabad,Delhi Daredevils,"Rajiv Gandhi International Stadium, Uppal",10,5,A Mishra,1,1,False,
980983,2016-05-12,2016,Sunrisers Hyderabad,Delhi Daredevils,"Rajiv Gandhi International Stadium, Uppal",11,2,CH Morris,0,1,False,
980983,2016-05-12,2016,Sunrisers Hyderabad,Delhi Daredevils,"Rajiv Gandhi International Stadium, Uppal",11,3,CH Morris,1,1,False,
980983,2016-05-12,2016,Sunrisers Hyderabad,Delhi Daredevils,"Rajiv Gandhi International Stadium, Uppal",11,7,CH Morris,0,0,False,
980983,2016-05-12,2016,Sunrisers Hyderabad,Delhi Daredevils,"Rajiv Gandhi International Stadium, Uppal",12,2,A Mishra,1,1,False,
980983,2016-05-12,2016,Sunrisers Hyderabad,Delhi Daredevils,"Rajiv Gandhi International Stadium, Uppal",12,4,A Mishra,0,0,False,
980983,2016-05-12,2016,Sunrisers Hyderabad,Delhi Daredevils,"Rajiv Gandhi International Stadium, Uppal",12,5,A Mishra,1,1,False,
980983,2016-05-12,2016,Sunrisers Hyderabad,Delhi Daredevils,"Rajiv Gandhi International Stadium, Uppal",13,2,Mohammed Shami,1,1,False,
980983,2016-05-12,2016,Sunrisers Hyderabad,Delhi Daredevils,"Rajiv Gandhi International Stadium, Uppal",13,4,Mohammed Shami,4,4,False,
980983,2016-05-12,2016,Sunrisers Hyderabad,Delhi Daredevils,"Rajiv Gandhi International Stadium, Uppal",13,5,Mohammed Shami,0,1,False,
980983,2016-05-12,2016,Sunrisers Hyderabad,Delhi Daredevils,"Rajiv Gandhi International Stadium, Uppal",14,1,A Mishra,1,1,False,
980983,2016-05-12,2016,Sunrisers Hyderabad,Delhi Daredevils,"Rajiv Gandhi International Stadium, Uppal",15,1,Mohammed Shami,1,1,False,
980983,2016-05-12,2016,Sunrisers Hyderabad,Delhi Daredevils,"Rajiv Gandhi International Stadium, Uppal",15,4,Mohammed Shami,1,1,False,
980983,2016-05-12,2016,Sunrisers Hyderabad,Delhi Daredevils,"Rajiv Gandhi International Stadium, Uppal",15,6,Mohammed Shami,0,1,False,
980983,2016-05-12,2016,Sunrisers Hyderabad,Delhi Daredevils,"Rajiv Gandhi International Stadium, Uppal",16,1,CH Morris,1,1,False,
980983,2016-05-12,2016,Sunrisers Hyderabad,Delhi Daredevils,"Rajiv Gandhi International Stadium, Uppal",16,4,CH Morris,1,1,False,
980983,2016-05-12,2016,Sunrisers Hyderabad,Delhi Daredevils,"Rajiv Gandhi International Stadium, Uppal",16,6,CH Morris,4,4,False,
980983,2016-05-12,2016,Sunrisers Hyderabad,Delhi Daredevils,"Rajiv Gandhi International Stadium, Uppal",17,2,NM Coulter-Nile,1,1,False,
980983,2016-05-12,2016,Sunrisers Hyderabad,Delhi Daredevils,"Rajiv Gandhi International Stadium, Uppal",17,5,NM Coulter-Nile,1,1,False,
980983,2016-05-12,2016,Sunrisers Hyderabad,Delhi Daredevils,"Rajiv Gandhi International Stadium, Uppal",18,3,CH Morris,0,0,True,bowled
981009,2016-05-22,2016,Sunrisers Hyderabad,Kolkata Knight Riders,Eden Gardens,12,5,SP Narine,0,2,False,
981009,2016-05-22,2016,Sunrisers Hyderabad,Kolkata Knight Riders,Eden Gardens,12,6,SP Narine,1,1,False,
981009,2016-05-22,2016,Sunrisers Hyderabad,Kolkata Knight Riders,Eden Gardens,13,1,Kuldeep Yadav,0,0,False,
981009,2016-05-22,2016,Sunrisers Hyderabad,Kolkata Knight Riders,Eden Gardens,13,2,Kuldeep Yadav,1,1,False,
981009,2016-05-22,2016,Sunrisers Hyderabad,Kolkata Knight Riders,Eden Gardens,14,1,Shakib Al Hasan,1,1,False,
981009,2016-05-22,2016,Sunrisers Hyderabad,Kolkata Knight Riders,Eden Gardens,14,4,Shakib Al Hasan,1,1,False,
981009,2016-05-22,2016,Sunrisers Hyderabad,Kolkata Knight Riders,Eden Gardens,14,6,Shakib Al Hasan,2,2,False,
981009,2016-05-22,2016,Sunrisers Hyderabad,Kolkata Knight Riders,Eden Gardens,15,2,Kuldeep Yadav,1,1,False,
981009,2016-05-22,2016,Sunrisers Hyderabad,Kolkata Knight Riders,Eden Gardens,15,4,Kuldeep Yadav,0,0,True,caught
